rid,1X,1Y,2X,2Y,3X,3Y,4X,4Y,5X,5Y,6X,6Y,7X,7Y,8X,8Y,9X,9Y,10X,10Y
R_1NgknTKpLBtTCrb,1016,395,991,290,956,180,1123,986,1158,859,1181,758,,,,,,,,
R_a9wxAYrbsSLDak9,,,,,,,,,,,,,,,,,,,,
R_1q1VpX76eyIu2gu,,,,,,,,,,,,,,,,,,,,
R_3kBsLreEEoD7uUg,,,,,,,,,,,,,,,,,,,,
R_0P4f3N0C0sgUqXf,,,,,,,,,,,,,,,,,,,,
R_2zG7ly3grSJTMJ6,,,,,,,,,,,,,,,,,,,,
R_2fwJZ5eWHTkgylq,,,,,,,,,,,,,,,,,,,,
R_3hmcV0CwZPOzqqU,,,,,,,,,,,,,,,,,,,,
R_2y41pJM6UvrFSMm,,,,,,,,,,,,,,,,,,,,
R_3oHIQslCo0OXo9M,,,,,,,,,,,,,,,,,,,,
R_z20sEf49E31VFuN,,,,,,,,,,,,,,,,,,,,
R_2s7mSu3Er5g1Eas,,,,,,,,,,,,,,,,,,,,
R_2PiHm70k2xnQR7T,,,,,,,,,,,,,,,,,,,,
R_3qeT4VsdvbD25fg,,,,,,,,,,,,,,,,,,,,
R_12GDCmjJHmbBqlJ,,,,,,,,,,,,,,,,,,,,
R_UJCgMfH8zBYwIZH,,,,,,,,,,,,,,,,,,,,
R_3qPX41quyllo0nB,,,,,,,,,,,,,,,,,,,,
R_3RflkzX7DNNSQTO,,,,,,,,,,,,,,,,,,,,
R_12lPSRhxb06SFjy,,,,,,,,,,,,,,,,,,,,
R_1qaqbZ3XWABQEYO,,,,,,,,,,,,,,,,,,,,
R_3NKyvtzhgOQbgIn,,,,,,,,,,,,,,,,,,,,
R_3EE8BTXaPoXoBZJ,,,,,,,,,,,,,,,,,,,,
R_2BlE7alOjwCzo8h,,,,,,,,,,,,,,,,,,,,
R_POkGb7yiXzxrjaN,,,,,,,,,,,,,,,,,,,,
R_a45XTD6U5ZOb5Jv,,,,,,,,,,,,,,,,,,,,
R_3CT1OO2h6Dgcxrn,,,,,,,,,,,,,,,,,,,,
R_1E526uQx2VIoXmf,,,,,,,,,,,,,,,,,,,,
R_UhGQ2FlAnOlC9nH,,,,,,,,,,,,,,,,,,,,
R_9FVnhKRLwu8VUK5,,,,,,,,,,,,,,,,,,,,
R_2VEoOOLiZxgDDZ6,,,,,,,,,,,,,,,,,,,,
R_uglcQLeabg8URBT,,,,,,,,,,,,,,,,,,,,
R_3rcURouRS1JJLPz,,,,,,,,,,,,,,,,,,,,
R_1EdpK50tXU2Oxck,,,,,,,,,,,,,,,,,,,,
R_3fK0LhoTGogHF2c,,,,,,,,,,,,,,,,,,,,
R_3qx3bk8jiNYgyT3,,,,,,,,,,,,,,,,,,,,
R_28GsMCbyrvHaoiP,,,,,,,,,,,,,,,,,,,,
R_1JVB0CtbdT0WFGd,,,,,,,,,,,,,,,,,,,,
R_UfJrO28uUL7t6nL,,,,,,,,,,,,,,,,,,,,
R_1CevVr5GWgcVBQw,,,,,,,,,,,,,,,,,,,,
R_2D5DrXAKLxHG3gG,,,,,,,,,,,,,,,,,,,,
R_1ODZQGyfQqzeCCg,,,,,,,,,,,,,,,,,,,,
R_3exzxusxThwmbLo,,,,,,,,,,,,,,,,,,,,
R_22G1KNwwvql1QW7,,,,,,,,,,,,,,,,,,,,
R_2Sf4JzwAXFLc2TN,,,,,,,,,,,,,,,,,,,,
R_2c1wlc6faCe5e4f,,,,,,,,,,,,,,,,,,,,
R_1LRS92n1J5ONeyk,,,,,,,,,,,,,,,,,,,,
R_3CYdrPzsG5FiQEx,,,,,,,,,,,,,,,,,,,,
R_2EuYZ9QYy34doLq,,,,,,,,,,,,,,,,,,,,
R_1Cdn2VDqDGH1fis,,,,,,,,,,,,,,,,,,,,
R_5j8i9FCYY6TzTFv,,,,,,,,,,,,,,,,,,,,
R_2pLGlco9laeqfD2,,,,,,,,,,,,,,,,,,,,
R_1K0wQ5gzPMaWFOJ,,,,,,,,,,,,,,,,,,,,
R_3P5iQonhpTVo37b,,,,,,,,,,,,,,,,,,,,
R_3iKaWnB4fDDiQHs,,,,,,,,,,,,,,,,,,,,
R_31gfB68nw61UUDw,,,,,,,,,,,,,,,,,,,,
R_2qmlLlXYutS1cns,,,,,,,,,,,,,,,,,,,,
R_3KOPseMp78I16pO,,,,,,,,,,,,,,,,,,,,
R_1BWTgvkWLND4WaJ,,,,,,,,,,,,,,,,,,,,
R_1doaSHiT5BUqXG5,,,,,,,,,,,,,,,,,,,,
R_sYZHAe8A9gfVCz7,,,,,,,,,,,,,,,,,,,,
R_1LMeiUEu5MG8x4Y,,,,,,,,,,,,,,,,,,,,
R_265U45G3qb0eFUK,,,,,,,,,,,,,,,,,,,,
R_1Ne2MbtKWH4m4Ei,,,,,,,,,,,,,,,,,,,,
R_1oBC0Nh5ZHqxzUj,,,,,,,,,,,,,,,,,,,,
R_2ro1wNRwJPRjEJp,,,,,,,,,,,,,,,,,,,,
R_DkLyfylc5Q7o3Bf,,,,,,,,,,,,,,,,,,,,
R_Ungn5t6HeyZMmBz,,,,,,,,,,,,,,,,,,,,
R_1JVFjCdPLbRQ1sK,,,,,,,,,,,,,,,,,,,,
R_29ag9vDRIRsutx5,,,,,,,,,,,,,,,,,,,,
R_10oZkkJStP6Qvgq,,,,,,,,,,,,,,,,,,,,
R_2EaUIQBgRAn6JFO,,,,,,,,,,,,,,,,,,,,
R_1hyge0VvXpBHROL,,,,,,,,,,,,,,,,,,,,
R_3dU7pSYaVjLrTfb,,,,,,,,,,,,,,,,,,,,
R_2tlECQifJ0w0oli,,,,,,,,,,,,,,,,,,,,
R_1QxvsPS1yebfuTT,,,,,,,,,,,,,,,,,,,,
R_2i2ebD5La8WzGyl,,,,,,,,,,,,,,,,,,,,
R_Tj5syruG7Guiy8V,,,,,,,,,,,,,,,,,,,,
R_ZqMExytNeUjitih,,,,,,,,,,,,,,,,,,,,
R_31Gl1tfMqPXuRH0,,,,,,,,,,,,,,,,,,,,
R_bwrhfvtP88tkUZH,,,,,,,,,,,,,,,,,,,,
R_7WIg1op0j9iC5od,1123,215,1210,373,879,267,904,110,,,,,,,,,,,,
R_1Fm66gL1XVdwudc,,,,,,,,,,,,,,,,,,,,
R_1n7UjA0Jy7qhUZE,,,,,,,,,,,,,,,,,,,,
R_2xxyGyhs7zoIPac,,,,,,,,,,,,,,,,,,,,
R_2cvdcZ7BHPgnqZQ,,,,,,,,,,,,,,,,,,,,
R_2Xhbbyak8pyPtx2,,,,,,,,,,,,,,,,,,,,
R_e3vLU0RS5mxSgi5,,,,,,,,,,,,,,,,,,,,
R_3HoFnBy83vl2pvg,,,,,,,,,,,,,,,,,,,,
R_2EiXoPi3WdCRcJ1,,,,,,,,,,,,,,,,,,,,
R_3qpXSlQKGhEEd9c,,,,,,,,,,,,,,,,,,,,
R_2wjjiIhcdhxjTu3,,,,,,,,,,,,,,,,,,,,
R_eE6b2dex8vMtM09,,,,,,,,,,,,,,,,,,,,
R_11hhhXCbUmAZi6h,,,,,,,,,,,,,,,,,,,,
R_1gLXXrvE04lzSZz,,,,,,,,,,,,,,,,,,,,
R_1eV0CMuQz7EkZJG,,,,,,,,,,,,,,,,,,,,
R_1f4c0R3PDCsLTFW,,,,,,,,,,,,,,,,,,,,
R_3k5qqPubZWSMmI9,,,,,,,,,,,,,,,,,,,,
R_1K9ddk4UL5xkH3w,,,,,,,,,,,,,,,,,,,,
R_1MRsZSNd25R8ke3,895,146,1020,167,804,321,1023,317,1091,486,1000,490,1079,594,1123,749,1114,844,1114,398
R_22KqYnNR1xuimew,,,,,,,,,,,,,,,,,,,,
R_2gJJOG9mbb6czYd,,,,,,,,,,,,,,,,,,,,
R_3MhF8zne8c1GlZf,,,,,,,,,,,,,,,,,,,,
R_ywJ6RwkuD7KNgkN,,,,,,,,,,,,,,,,,,,,
R_21HYOalkEp8tjnz,,,,,,,,,,,,,,,,,,,,
R_278NQGrUpvAG6e0,,,,,,,,,,,,,,,,,,,,
R_1nVpPmaDPtZ2cKg,,,,,,,,,,,,,,,,,,,,
R_3QQQbQDYuJifj48,,,,,,,,,,,,,,,,,,,,
R_1OZXnYXODBv26e6,,,,,,,,,,,,,,,,,,,,
R_1K7RPllLquka8US,,,,,,,,,,,,,,,,,,,,
R_tLf2BQQks1p1lYZ,,,,,,,,,,,,,,,,,,,,
R_bdb3WeKLjyOhuPn,,,,,,,,,,,,,,,,,,,,
R_72vuE5znmDCbrkl,,,,,,,,,,,,,,,,,,,,
R_qRsPOIKWjTPCQMN,,,,,,,,,,,,,,,,,,,,
R_2CJMZovfEqCKOyc,,,,,,,,,,,,,,,,,,,,
R_2WOIchC4J2ae18Z,,,,,,,,,,,,,,,,,,,,
R_2a9J69MoAWKQz3X,,,,,,,,,,,,,,,,,,,,
R_3h4McxLSkkxR7Pb,,,,,,,,,,,,,,,,,,,,
R_9v4SdDB6bAWcNGh,,,,,,,,,,,,,,,,,,,,
R_2V2B7Y8YuW4Arye,,,,,,,,,,,,,,,,,,,,
R_2rORXRLCNe03WoM,,,,,,,,,,,,,,,,,,,,
R_2z6AqvdbUClAbNA,,,,,,,,,,,,,,,,,,,,
R_V2c78XlJoFA41kB,,,,,,,,,,,,,,,,,,,,
R_1qadJMFJmRR5K6E,,,,,,,,,,,,,,,,,,,,
R_3iQGYPxLUDHME3d,,,,,,,,,,,,,,,,,,,,
R_3FR2VHHQvCmWU1T,,,,,,,,,,,,,,,,,,,,
R_2pXGlZtCGc8qqoK,,,,,,,,,,,,,,,,,,,,
R_eRGdM0WBfIYXmPD,,,,,,,,,,,,,,,,,,,,
R_2c5Uk3uXB5MPXsk,837,299,974,529,1135,574,1112,850,1003,224,,,,,,,,,,
R_2D1cgEn5LFYPaOU,,,,,,,,,,,,,,,,,,,,
R_3kcDiqpNCJxdAI0,,,,,,,,,,,,,,,,,,,,
R_DBpsu0npYzcS0SZ,,,,,,,,,,,,,,,,,,,,
R_2PjtYMZQLkuZk6H,,,,,,,,,,,,,,,,,,,,
R_3eqT44JpoHGxywu,,,,,,,,,,,,,,,,,,,,
R_2QiBPdmPLB8d1ti,,,,,,,,,,,,,,,,,,,,
R_3jGaEYy5q4qqGiJ,,,,,,,,,,,,,,,,,,,,
R_1NFIfvN19apjGfX,,,,,,,,,,,,,,,,,,,,
R_1FJtAU6hd0NfEss,,,,,,,,,,,,,,,,,,,,
R_BKANXkw2fVR8CWJ,,,,,,,,,,,,,,,,,,,,
R_1GWDIrDRJ3z2NQh,,,,,,,,,,,,,,,,,,,,
R_12fBVGpK1lWoU6h,,,,,,,,,,,,,,,,,,,,
R_2AFNe8d8lzNoNRY,,,,,,,,,,,,,,,,,,,,
R_Doaq2gNrUXuYhpf,,,,,,,,,,,,,,,,,,,,
R_2EAzkZSC6qnVs8p,,,,,,,,,,,,,,,,,,,,
R_2E6skVD04lCkRl4,,,,,,,,,,,,,,,,,,,,
R_3qOj0pSX59IXwad,,,,,,,,,,,,,,,,,,,,
R_C14qbbfE0fv31Hr,,,,,,,,,,,,,,,,,,,,
R_798wBl9r4uIeRj3,710,203,1227,234,1223,363,1288,700,1265,873,1233,994,,,,,,,,
R_8psTFKIg75MvsJ3,,,,,,,,,,,,,,,,,,,,
R_1ogKZloaHbG0UIr,,,,,,,,,,,,,,,,,,,,
R_31MBNSjzMTfqB2S,,,,,,,,,,,,,,,,,,,,
R_3KDswW4L0SPTQ26,,,,,,,,,,,,,,,,,,,,
R_2wvKq5bbtRBFOBn,,,,,,,,,,,,,,,,,,,,
R_27Dnh30Xn2ln4k2,,,,,,,,,,,,,,,,,,,,
R_2TsN0vxtxV4YqSu,,,,,,,,,,,,,,,,,,,,
R_bJwb0lI2MkFIiDn,,,,,,,,,,,,,,,,,,,,
R_1inxFAHjR7GTYvD,,,,,,,,,,,,,,,,,,,,
R_XoZFqOZwu0AmYXT,,,,,,,,,,,,,,,,,,,,
R_WxkBjwMTyJ0e22d,,,,,,,,,,,,,,,,,,,,
R_wXJ80ShH4HXrmG5,,,,,,,,,,,,,,,,,,,,
R_29sTq4E27vSoRlo,,,,,,,,,,,,,,,,,,,,
R_22QYjseeNCpwOLe,,,,,,,,,,,,,,,,,,,,
R_C77ECg6yCmktlBv,,,,,,,,,,,,,,,,,,,,
R_3HZkDupZ4YMZNV1,,,,,,,,,,,,,,,,,,,,
R_3nrtSw8DrBC6Cow,,,,,,,,,,,,,,,,,,,,
R_25RA8AY69vlUG5D,,,,,,,,,,,,,,,,,,,,
R_PZFTosYuAnH8zyF,,,,,,,,,,,,,,,,,,,,
R_3D5E9moe45i2S4x,,,,,,,,,,,,,,,,,,,,
R_WrOhesdXiFgsSUp,,,,,,,,,,,,,,,,,,,,
R_2rO52qpSyrB7Bx2,947,171,1018,345,1016,510,1129,645,1112,794,1089,940,1187,510,1110,192,1192,363,829,301
R_3oMect3xwjxke4R,,,,,,,,,,,,,,,,,,,,
R_vi6kXRemAvubWwN,,,,,,,,,,,,,,,,,,,,
R_1LYxkDtyoB3PYOY,1062,535,879,293,,,,,,,,,,,,,,,,
R_1q40l4tAaxlxK34,828,297,1094,152,1208,276,1027,470,1215,455,1037,318,1260,643,1258,742,1227,890,1229,988
R_3nefkQgJgC6oPQN,,,,,,,,,,,,,,,,,,,,
R_1mOfHudFn0p1ys6,,,,,,,,,,,,,,,,,,,,
R_tKUyOcB58wa2g0N,,,,,,,,,,,,,,,,,,,,
R_3m49dDxAVHQzR7B,,,,,,,,,,,,,,,,,,,,
R_3hAvi18JlJdYjzD,,,,,,,,,,,,,,,,,,,,
R_a4dIfQj9e29LNol,,,,,,,,,,,,,,,,,,,,
R_3Rvzu9xHHwtRK4v,,,,,,,,,,,,,,,,,,,,
R_3QW1IpEMXd1rgoy,,,,,,,,,,,,,,,,,,,,
R_3JkssEz9qNCJ05O,,,,,,,,,,,,,,,,,,,,
R_3Jr5IwIsKj00XkG,,,,,,,,,,,,,,,,,,,,
R_1nW5uzSAoxLAQLb,1243,269,1102,534,951,309,1084,967,,,,,,,,,,,,
R_2y17grsswaABocf,,,,,,,,,,,,,,,,,,,,
R_3NDK9f8KQwpPrU9,,,,,,,,,,,,,,,,,,,,
R_2VwoHa0SDbAnnwz,,,,,,,,,,,,,,,,,,,,
R_27Dy4Rk9uEprHJD,,,,,,,,,,,,,,,,,,,,
R_2BrgtxgTpDt7sD7,924,544,826,296,910,135,1043,144,1039,534,1284,502,1127,851,912,736,,,,
R_25N7uk2Fvnq2Xq7,,,,,,,,,,,,,,,,,,,,
R_1ls1cNz3mMgjor6,,,,,,,,,,,,,,,,,,,,
R_3GlYLdHFiwPsoS0,,,,,,,,,,,,,,,,,,,,
R_33m670u4F9ADond,,,,,,,,,,,,,,,,,,,,
R_1Ow5x8OgBi1bT4n,,,,,,,,,,,,,,,,,,,,
R_290lYZkvgSbjFGb,,,,,,,,,,,,,,,,,,,,
R_yJfk9oQ4JSyRlG9,,,,,,,,,,,,,,,,,,,,
R_1NaWzQJLVVhATpF,,,,,,,,,,,,,,,,,,,,
R_27eSFmXw8BotHHO,1141,219,1168,373,905,66,1108,861,1119,576,905,510,812,291,,,,,,
R_3ewy3xLMqLRZndF,,,,,,,,,,,,,,,,,,,,
R_1lmGlhsypzIhc5c,,,,,,,,,,,,,,,,,,,,
R_ze63I6SwA4UZHYR,,,,,,,,,,,,,,,,,,,,
R_1fjhnvUkgxnHuIU,,,,,,,,,,,,,,,,,,,,
R_26bgTzk1Hg1Kt38,,,,,,,,,,,,,,,,,,,,
R_32OO32zgznviua3,,,,,,,,,,,,,,,,,,,,
R_3L1lSP7LraBwP2Y,,,,,,,,,,,,,,,,,,,,
R_1j8po1ftw5rKvZw,,,,,,,,,,,,,,,,,,,,
R_1IhYtbblZTcGkyG,,,,,,,,,,,,,,,,,,,,
R_De0I0OIJJf4Ibzr,,,,,,,,,,,,,,,,,,,,
R_3lr9TGlMIZwwlhQ,703,262,1011,185,1114,375,1099,555,934,463,,,,,,,,,,
R_YVSVc0HVPrJFnUJ,,,,,,,,,,,,,,,,,,,,
R_1mfwhzwGBp29Iga,,,,,,,,,,,,,,,,,,,,
R_10GdMGGfPVti6Vi,,,,,,,,,,,,,,,,,,,,
R_3s6s94KDPYeugxw,,,,,,,,,,,,,,,,,,,,
R_2t5biSGS4I5DONa,,,,,,,,,,,,,,,,,,,,
R_2dTmWjCSzvT7NyU,,,,,,,,,,,,,,,,,,,,
R_3e2lY4M92ik1Xfk,,,,,,,,,,,,,,,,,,,,
R_3F20H4CIk2YKbtD,,,,,,,,,,,,,,,,,,,,
R_RzE3ypioW0hxkUp,,,,,,,,,,,,,,,,,,,,
R_1CkCj7pMOGdRrTO,,,,,,,,,,,,,,,,,,,,
R_1NfFRBEsyv39mCz,888,267,,,,,,,,,,,,,,,,,,
R_2uwfSrq5E9rGwXN,,,,,,,,,,,,,,,,,,,,
R_21tw3kkydARZPg8,,,,,,,,,,,,,,,,,,,,
R_1JCQl3W68Z7Dgic,,,,,,,,,,,,,,,,,,,,
R_2SHatLslR4U6Yd5,912,539,1079,483,866,276,,,,,,,,,,,,,,
R_24l5Ezh36P4kk4z,,,,,,,,,,,,,,,,,,,,
R_eKjljYXfNXC5r21,,,,,,,,,,,,,,,,,,,,
R_1lmHingH9p14Ali,,,,,,,,,,,,,,,,,,,,
R_yC2rCnY8RQjvBoB,,,,,,,,,,,,,,,,,,,,
R_2VInSUCBS1uLxX8,874,273,929,161,1029,175,,,,,,,,,,,,,,
R_3rGKd4JCrfokBYO,,,,,,,,,,,,,,,,,,,,
R_b8CW2sqqKMG5DEZ,,,,,,,,,,,,,,,,,,,,
R_3hrt2fpeZIIkcIZ,,,,,,,,,,,,,,,,,,,,
R_1pA4ilam1EFRBqD,,,,,,,,,,,,,,,,,,,,
R_XprQoeyv5bimWMF,,,,,,,,,,,,,,,,,,,,
R_BEp9bZbpnFlhNZf,,,,,,,,,,,,,,,,,,,,
R_r7sSu18MEwTIpoZ,,,,,,,,,,,,,,,,,,,,
R_12FPhvshaPuG3Cy,1242,393,1212,290,1108,340,1023,153,1033,251,1023,332,1010,439,1089,464,1131,572,1150,729
R_qI2KgYFpZzR4J57,,,,,,,,,,,,,,,,,,,,
R_5okxTz5T94nl5L3,,,,,,,,,,,,,,,,,,,,
R_yX7UUISQM3W5PLX,,,,,,,,,,,,,,,,,,,,
R_1DTqdD66QT7ZC8o,933,311,1029,464,1104,575,947,180,801,272,1187,685,1139,856,1121,971,,,,
R_3EzM3ROlZYXHLLT,,,,,,,,,,,,,,,,,,,,
R_22FXcyjOqgMqFH6,,,,,,,,,,,,,,,,,,,,
R_2Y5QN9XD0PmsWgG,,,,,,,,,,,,,,,,,,,,
R_uywlpaveiJgwlCp,,,,,,,,,,,,,,,,,,,,
R_3P7Di5fGuwTZFK4,,,,,,,,,,,,,,,,,,,,
R_2uWnuwedFYw4Uqc,,,,,,,,,,,,,,,,,,,,
R_3HolcQPiy2GsZv3,,,,,,,,,,,,,,,,,,,,
R_2SdGp4XxYOGF38v,,,,,,,,,,,,,,,,,,,,
R_3FQIX3UrtJoSERA,,,,,,,,,,,,,,,,,,,,
R_p9sl6Pfa2IwK8o1,,,,,,,,,,,,,,,,,,,,
R_3M9eezt2Rvv7olc,,,,,,,,,,,,,,,,,,,,
R_1lcVU1eCaqpzZra,,,,,,,,,,,,,,,,,,,,
R_1mqNyoNGo9EWyhq,,,,,,,,,,,,,,,,,,,,
R_23eCSdfqMFC4n9q,,,,,,,,,,,,,,,,,,,,
R_2VsjoMA6nmFeXy8,,,,,,,,,,,,,,,,,,,,
R_3j02QhYaFI56XNy,,,,,,,,,,,,,,,,,,,,
R_3Pje5ITEPOX2DNG,,,,,,,,,,,,,,,,,,,,
R_1Q0oRDKB8zFPiRH,,,,,,,,,,,,,,,,,,,,
R_2wEW6GCuXjffvW1,,,,,,,,,,,,,,,,,,,,
R_1cYxEdLJN9wM0su,,,,,,,,,,,,,,,,,,,,
R_wQNGigb5j8xK7v3,,,,,,,,,,,,,,,,,,,,
R_26gutiEjiWKhRix,,,,,,,,,,,,,,,,,,,,
R_1CHezTiFbK4Uaxy,,,,,,,,,,,,,,,,,,,,
R_2zkbx9ByJd64YyY,,,,,,,,,,,,,,,,,,,,
R_AdmjfGE0inl9B9n,,,,,,,,,,,,,,,,,,,,
R_1BUXE6WdoKGGiT9,,,,,,,,,,,,,,,,,,,,
R_PzUpIG2TLH6xrbP,,,,,,,,,,,,,,,,,,,,
R_1QfqrvPyXGF4XhR,,,,,,,,,,,,,,,,,,,,
R_12m1pvBOrib7mkf,,,,,,,,,,,,,,,,,,,,
R_9ug7lecb25Wrskh,,,,,,,,,,,,,,,,,,,,
R_2fAS4XRKSeYwv2H,,,,,,,,,,,,,,,,,,,,
R_2TtnuTzNnhBtqdW,1135,437,1131,280,941,340,,,,,,,,,,,,,,
R_30jcdPLxusFWsii,,,,,,,,,,,,,,,,,,,,
R_RObxyOHDys6Ww81,,,,,,,,,,,,,,,,,,,,
R_3Oc9eir63YkB7Or,,,,,,,,,,,,,,,,,,,,
R_2TzR1tzAGDQAp5v,,,,,,,,,,,,,,,,,,,,
R_3fwsFMATcSoWUaN,,,,,,,,,,,,,,,,,,,,
R_2PgIHzQEhOqepeT,,,,,,,,,,,,,,,,,,,,
R_3iK0GZGkt3vGtRi,,,,,,,,,,,,,,,,,,,,
R_1PSNQcGbZmiGOk1,,,,,,,,,,,,,,,,,,,,
R_Zq1rnFLmBtTzSE1,,,,,,,,,,,,,,,,,,,,
R_30jzGWg7jG3FrPd,,,,,,,,,,,,,,,,,,,,
R_0HuM9SyeKrqzoXL,,,,,,,,,,,,,,,,,,,,
R_XMvZIYpiVYkuoW5,,,,,,,,,,,,,,,,,,,,
R_1DUnG3QFGtqcryg,,,,,,,,,,,,,,,,,,,,
R_2TEH0OiT2eSmxmJ,,,,,,,,,,,,,,,,,,,,
R_1FCFAV1FdSlqWvj,,,,,,,,,,,,,,,,,,,,
R_s89yOyQ4A5O5Arf,,,,,,,,,,,,,,,,,,,,
R_sUpbR3ZOcBRo5TH,,,,,,,,,,,,,,,,,,,,
R_6Qmvo9HNJRdDLxf,,,,,,,,,,,,,,,,,,,,
R_2CJQgDC8bbZjouc,,,,,,,,,,,,,,,,,,,,
R_2xy5frN3AehTaBH,,,,,,,,,,,,,,,,,,,,
R_pEgx2INyt63EziF,,,,,,,,,,,,,,,,,,,,
R_2QYgViWL1I5Nnos,,,,,,,,,,,,,,,,,,,,
R_3n2gLjDJ19rbS18,,,,,,,,,,,,,,,,,,,,
R_3BEvnA8xYWmxRkZ,,,,,,,,,,,,,,,,,,,,
R_sNnnuO4kN9WSMUx,829,278,1058,295,1089,480,1085,593,,,,,,,,,,,,
R_3Gw72CR436PSM0V,,,,,,,,,,,,,,,,,,,,
R_2V1GJS8X88bTFLR,,,,,,,,,,,,,,,,,,,,
R_2fxlumMNrGqyFKW,,,,,,,,,,,,,,,,,,,,
R_27r3X9U8ynlpt1Y,,,,,,,,,,,,,,,,,,,,
R_2amiu8gsMu4QtVK,1085,566,820,297,1023,424,1043,150,1129,917,1137,729,,,,,,,,
R_3meJ50niMs6RaxQ,,,,,,,,,,,,,,,,,,,,
R_28zGQxlMgiCsK8K,,,,,,,,,,,,,,,,,,,,
R_1F4cq2VcXyujTSZ,793,315,833,234,914,123,1018,161,912,315,1046,244,1043,380,1043,549,912,769,1144,750
R_2tau2MSOJSZ5yM0,,,,,,,,,,,,,,,,,,,,
R_1INapCn1bgxm60c,,,,,,,,,,,,,,,,,,,,
R_2VR3DkNJlVncXp1,,,,,,,,,,,,,,,,,,,,
R_rjUQwfcFaaeekVP,,,,,,,,,,,,,,,,,,,,
R_2gzFf3gGrUfZPc5,,,,,,,,,,,,,,,,,,,,
R_884c7wXdnggflGV,,,,,,,,,,,,,,,,,,,,
R_3ikuI3LfHt8oox6,,,,,,,,,,,,,,,,,,,,
R_YcAWyQgyYKZs2Gt,,,,,,,,,,,,,,,,,,,,
R_2YgCe07HcFXXKOY,,,,,,,,,,,,,,,,,,,,
R_2vYX7lSKu5Wv546,,,,,,,,,,,,,,,,,,,,
R_3r2M98EnzHCPgyb,,,,,,,,,,,,,,,,,,,,
R_2zcKhAIIV7AgAka,,,,,,,,,,,,,,,,,,,,
R_rqm9Feqi2Kn3WHn,,,,,,,,,,,,,,,,,,,,
R_yOSGnwX4Gl5PNtv,,,,,,,,,,,,,,,,,,,,
R_2VOe7fUQluuz2JH,,,,,,,,,,,,,,,,,,,,
R_3MfJZdWsawdNa4C,,,,,,,,,,,,,,,,,,,,
R_2wbgNZi18JVjvUO,,,,,,,,,,,,,,,,,,,,
R_3JmSRm4scpLdFn5,,,,,,,,,,,,,,,,,,,,
R_1YoGfeyFF1UKVwJ,,,,,,,,,,,,,,,,,,,,
R_2AGV6yPbXW1DjpL,,,,,,,,,,,,,,,,,,,,
R_1my0Eb8pot88oXH,,,,,,,,,,,,,,,,,,,,
R_1EcXIjnGoq9x28F,,,,,,,,,,,,,,,,,,,,
R_1H7QZeePAqgF64m,,,,,,,,,,,,,,,,,,,,
R_2zVbrM6ggdk280I,,,,,,,,,,,,,,,,,,,,
R_31Nx6G8xoAACkrb,,,,,,,,,,,,,,,,,,,,
R_2DOBdtCIPPpgJeY,,,,,,,,,,,,,,,,,,,,
R_1Q6Nw1OMz6fB2vM,,,,,,,,,,,,,,,,,,,,
R_3e8ENgnHGbVU6Bs,,,,,,,,,,,,,,,,,,,,
R_u7VPxTyyxAL8tYl,,,,,,,,,,,,,,,,,,,,
R_2zPixUAgleTdtFb,,,,,,,,,,,,,,,,,,,,
R_aWBZWiafi2OnGYF,,,,,,,,,,,,,,,,,,,,
R_2WCEBjh9Cp3NqKa,1020,171,860,157,1077,491,1236,823,,,,,,,,,,,,
R_2918kTo7ubbD16Y,,,,,,,,,,,,,,,,,,,,
R_2pXLEKkzXlSbHRu,,,,,,,,,,,,,,,,,,,,
R_1rMOvnWdzoULBmE,,,,,,,,,,,,,,,,,,,,
R_1dKb8SRImIRnDpL,,,,,,,,,,,,,,,,,,,,
R_2366ijfRYsKm05r,,,,,,,,,,,,,,,,,,,,
R_3PCYjmEzQ8PU8Lf,,,,,,,,,,,,,,,,,,,,
R_21BZJ2a6etWaE0S,,,,,,,,,,,,,,,,,,,,
R_22y8DkuF0ElgMW2,,,,,,,,,,,,,,,,,,,,
R_3qmuZCqVmRR5C3Q,,,,,,,,,,,,,,,,,,,,
R_Oj899PrQgDwPdAd,,,,,,,,,,,,,,,,,,,,
R_3MRxEkVzUi8wGYK,,,,,,,,,,,,,,,,,,,,
R_3KvjeAuGur7hwA8,,,,,,,,,,,,,,,,,,,,
R_2qwNcZQECVt50GA,,,,,,,,,,,,,,,,,,,,
R_pF9uSyCkyOn5K9j,,,,,,,,,,,,,,,,,,,,
R_vPibJK2hbFOCKnD,,,,,,,,,,,,,,,,,,,,
R_279wsLl9vQMkTnt,,,,,,,,,,,,,,,,,,,,
R_1IGaRXPswpwaNsj,,,,,,,,,,,,,,,,,,,,
R_3IcK0AGOuHhxTCg,,,,,,,,,,,,,,,,,,,,
R_1DqVAgDNA4JgmaY,,,,,,,,,,,,,,,,,,,,
R_29gJCMBCqbe4nm2,,,,,,,,,,,,,,,,,,,,
R_vjf4xyj56qxeojD,,,,,,,,,,,,,,,,,,,,
R_2WOO2eWjZ9VNt8r,,,,,,,,,,,,,,,,,,,,
R_2zpCstzEn9Cwfvu,,,,,,,,,,,,,,,,,,,,
R_R8J9h7KxGGmySU9,,,,,,,,,,,,,,,,,,,,
R_a3gYmYkjI68yLeN,,,,,,,,,,,,,,,,,,,,
R_bOPwoTS0xvaHy1j,,,,,,,,,,,,,,,,,,,,
R_1Qi1fughSjxxPjW,,,,,,,,,,,,,,,,,,,,
R_pQwnzcCRdjDJ3oZ,,,,,,,,,,,,,,,,,,,,
R_RR04c7HdGuBWNNv,,,,,,,,,,,,,,,,,,,,
R_1dFgk8rsJGe9geR,1114,959,1136,751,834,280,976,291,,,,,,,,,,,,
R_sosBgpmKZns9ZE5,,,,,,,,,,,,,,,,,,,,
R_2Cl8PHqEBomKCf7,,,,,,,,,,,,,,,,,,,,
R_BDij5nHZzx0TYOd,,,,,,,,,,,,,,,,,,,,
R_2wjdbmrUwFjq7m3,,,,,,,,,,,,,,,,,,,,
R_3JyY5WfCbnKmGjL,,,,,,,,,,,,,,,,,,,,
R_2pRYlRUpJgD3gX1,,,,,,,,,,,,,,,,,,,,
R_30vEkMLu3RfJydY,,,,,,,,,,,,,,,,,,,,
R_2fE67kHUErbf75u,,,,,,,,,,,,,,,,,,,,
R_cRTxBkQ2zsayb29,,,,,,,,,,,,,,,,,,,,
R_33CLHbvCE4y4imI,,,,,,,,,,,,,,,,,,,,
R_UnoPIEezsxbFaeJ,,,,,,,,,,,,,,,,,,,,
R_PHhRe60WJCAONLH,,,,,,,,,,,,,,,,,,,,
R_piU3xUW9CCSGE2l,,,,,,,,,,,,,,,,,,,,
R_Ug1qeAPdSIOD409,,,,,,,,,,,,,,,,,,,,
R_1mOvYQIMdecEFr9,,,,,,,,,,,,,,,,,,,,
R_3M5vf7rhOL3RQaW,,,,,,,,,,,,,,,,,,,,
R_1GB10Q3la48asQR,,,,,,,,,,,,,,,,,,,,
R_12hT3xKmrWW9KgX,,,,,,,,,,,,,,,,,,,,
R_urjijxk0P7AhyXn,,,,,,,,,,,,,,,,,,,,
R_1I5lAgnYLT2pXRs,,,,,,,,,,,,,,,,,,,,
R_1KxSxtSJnLFtp0u,,,,,,,,,,,,,,,,,,,,
R_1Cja1pBZfJJMZA7,,,,,,,,,,,,,,,,,,,,
R_214lRFM7JF8eFOy,,,,,,,,,,,,,,,,,,,,
R_3awP7oSQ8yDlF5v,,,,,,,,,,,,,,,,,,,,
R_zetJOFo83ORiqMV,,,,,,,,,,,,,,,,,,,,
R_R2gEAuPqYelsC53,,,,,,,,,,,,,,,,,,,,
R_3R9m7e7kwHSySsY,,,,,,,,,,,,,,,,,,,,
R_9Ttyak6lyC5alZD,,,,,,,,,,,,,,,,,,,,
R_27ed30bx3HpffqX,,,,,,,,,,,,,,,,,,,,
R_D5HEG7wX2QlB1IJ,,,,,,,,,,,,,,,,,,,,
R_3EsWSTQaS5pqKG6,,,,,,,,,,,,,,,,,,,,
R_1hRtVRKqIMvUDgw,,,,,,,,,,,,,,,,,,,,
R_3IZcvyoRupxCIfl,,,,,,,,,,,,,,,,,,,,
R_XuHXAhyZjzcHGHD,,,,,,,,,,,,,,,,,,,,
R_voB9jlmy5jvg9RT,,,,,,,,,,,,,,,,,,,,
R_DzRGGkj2ph8EkEx,,,,,,,,,,,,,,,,,,,,
R_1pzJI75MXpSjjV8,,,,,,,,,,,,,,,,,,,,
R_3em2J9LA5LSmZpS,,,,,,,,,,,,,,,,,,,,
R_Dpn1JNLHY6S8sWB,,,,,,,,,,,,,,,,,,,,
R_QlFrxyqcltgqDW9,,,,,,,,,,,,,,,,,,,,
R_sTN8CfHw6yajmEN,,,,,,,,,,,,,,,,,,,,
R_UZ9WBktxyo764db,,,,,,,,,,,,,,,,,,,,
R_33swoav3qSN1lUR,,,,,,,,,,,,,,,,,,,,
R_OPCFphBKgfWi2Gt,554,499,703,221,878,98,1135,134,965,303,1222,309,1037,442,1242,540,1232,766,1109,987
R_2YrB8i7eBUWP0QK,,,,,,,,,,,,,,,,,,,,
R_1kUEGOscsbewrSe,,,,,,,,,,,,,,,,,,,,
R_1psNj54iPzn0IZa,,,,,,,,,,,,,,,,,,,,
R_bjgBWG9f8FkL0OZ,,,,,,,,,,,,,,,,,,,,
R_2SqLDiM4MpN6sDG,,,,,,,,,,,,,,,,,,,,
R_6VywtFlw00csqpH,,,,,,,,,,,,,,,,,,,,
R_cvWm834M7PkEqMp,,,,,,,,,,,,,,,,,,,,
R_302E8p47V1wjTOD,,,,,,,,,,,,,,,,,,,,
R_OcyWnWf9ev09sGd,,,,,,,,,,,,,,,,,,,,
R_yZPuKLCi1TKD3uF,,,,,,,,,,,,,,,,,,,,
R_pJAk54dUZHCmVBn,,,,,,,,,,,,,,,,,,,,
R_3HH9Cjw3lxnyl8B,,,,,,,,,,,,,,,,,,,,
R_vCvbV6nrwHbVmcV,,,,,,,,,,,,,,,,,,,,
R_1qg1BVtqyrw5Ykc,,,,,,,,,,,,,,,,,,,,
R_3G7IFEzKbiPvwKt,,,,,,,,,,,,,,,,,,,,
R_2uvt0eCzdPurPUg,,,,,,,,,,,,,,,,,,,,
R_1oiKmZb7VvX9wIq,,,,,,,,,,,,,,,,,,,,
R_2E5msU1Nd8Mb5pg,,,,,,,,,,,,,,,,,,,,
R_507RIs3PoE48Z4l,,,,,,,,,,,,,,,,,,,,
R_qw1x4Y35iQxHi49,1052,324,996,535,1140,519,837,278,1145,725,986,170,,,,,,,,
R_da7DJs0kIVFI0yR,,,,,,,,,,,,,,,,,,,,
R_2DZCA30BUyN99qa,,,,,,,,,,,,,,,,,,,,
R_2Tz24acribPT4TN,,,,,,,,,,,,,,,,,,,,
R_2dzjNdnHUQKopy4,,,,,,,,,,,,,,,,,,,,
R_2aaZgIhOVjOTpG4,,,,,,,,,,,,,,,,,,,,
R_2zUgbcDfx8UjEkw,,,,,,,,,,,,,,,,,,,,
R_1NwttR9JirqoaIF,,,,,,,,,,,,,,,,,,,,
R_1N8hfwxkBfL0xhk,,,,,,,,,,,,,,,,,,,,
R_1BQNTmeDb72xenL,,,,,,,,,,,,,,,,,,,,
R_UhcA62bjFe0duyR,,,,,,,,,,,,,,,,,,,,
R_510poQ6NURJsINz,,,,,,,,,,,,,,,,,,,,
R_33fgVh1Qky8rdbr,,,,,,,,,,,,,,,,,,,,
R_3mfYdCrER9uk4Xq,,,,,,,,,,,,,,,,,,,,
R_1lc0hbugfszGMW1,831,293,1031,240,1077,489,912,551,,,,,,,,,,,,
R_1OAXQrLFjrJuCVG,,,,,,,,,,,,,,,,,,,,
R_2tb7CQu7LPaPZkg,,,,,,,,,,,,,,,,,,,,
R_2YlU7hi7XCIMiZn,,,,,,,,,,,,,,,,,,,,
R_7P7giWsJ7GAvxMl,,,,,,,,,,,,,,,,,,,,
R_1g15LwEWw4lpNq6,,,,,,,,,,,,,,,,,,,,
R_1inETBU3O5rgdRh,,,,,,,,,,,,,,,,,,,,
R_2xIQPligEroexwP,,,,,,,,,,,,,,,,,,,,
R_8ubvZRm0YDzQc2B,,,,,,,,,,,,,,,,,,,,
R_RF6zXZIjudMu5Ff,,,,,,,,,,,,,,,,,,,,
R_3JvXnDeHvLGclNr,1213,470,,,,,,,,,,,,,,,,,,
R_32PIT7UGuAbD9ke,,,,,,,,,,,,,,,,,,,,
R_BJjLKKq5sltMvEB,1159,695,816,289,1063,199,1029,482,1125,922,1077,605,987,330,926,193,,,,
R_2tszNbC8wLOjwtX,,,,,,,,,,,,,,,,,,,,
R_2TzqzqnLY3rRZ8a,,,,,,,,,,,,,,,,,,,,
R_2vf5jPb0D7rR8Ac,,,,,,,,,,,,,,,,,,,,
R_3fBE9uM3kQIV6gC,,,,,,,,,,,,,,,,,,,,
R_3fNPSNGwoEuVcH1,,,,,,,,,,,,,,,,,,,,
R_1cZfbnFyQWeM3bv,,,,,,,,,,,,,,,,,,,,
R_2XhZckgfqqjVRl4,,,,,,,,,,,,,,,,,,,,
R_1Eg11HmXKV9Y1DF,,,,,,,,,,,,,,,,,,,,
R_3jTnCNRsLAGrTO6,,,,,,,,,,,,,,,,,,,,
R_XTy0XrBcMYLT6nv,,,,,,,,,,,,,,,,,,,,
R_Aswc11viE8ZMUdH,,,,,,,,,,,,,,,,,,,,
R_2Qmv2jpPlGQkFFX,,,,,,,,,,,,,,,,,,,,
R_1F8woIboBuJ2bHM,,,,,,,,,,,,,,,,,,,,
R_2dLLEXF3tDSvJmh,,,,,,,,,,,,,,,,,,,,
R_BKPh7oRCcQoouEp,,,,,,,,,,,,,,,,,,,,
R_2uI1yq7GYTiBmig,,,,,,,,,,,,,,,,,,,,
R_qXAlN6sPKD56zId,1039,564,1121,792,918,583,1104,451,1179,595,1275,537,1058,278,954,378,810,341,904,201
R_12KIQc7wRXRwayn,,,,,,,,,,,,,,,,,,,,
R_3kBXRPosb2uAyze,975,180,904,273,1150,211,,,,,,,,,,,,,,
R_2wbFUfd5gFri1ZU,1011,478,1083,607,847,319,996,262,898,149,1140,720,1119,838,,,,,,
R_RfBnzt0b8lGDgB3,1132,769,1083,947,,,,,,,,,,,,,,,,
R_2q9Qra74sNLNbIQ,,,,,,,,,,,,,,,,,,,,
R_23ddpgWfIa0Iii6,,,,,,,,,,,,,,,,,,,,
R_2zFJMW2Q6EVwFcM,,,,,,,,,,,,,,,,,,,,
R_32WxLU9gCW0NIdl,,,,,,,,,,,,,,,,,,,,
R_1FerSvOxzwPdgJq,,,,,,,,,,,,,,,,,,,,
R_CdgqNNNXTFGRysp,854,228,1181,1001,1188,894,,,,,,,,,,,,,,
R_2rJ8hZjINlNhGSG,,,,,,,,,,,,,,,,,,,,
R_1QhiNvbF3piqIFF,,,,,,,,,,,,,,,,,,,,
R_2B2RZ9W6ur3QUPZ,862,338,,,,,,,,,,,,,,,,,,
R_1LT1WrvFbeMMTM6,,,,,,,,,,,,,,,,,,,,
R_1rp3pmKwrdgVsJT,1110,230,866,244,943,169,1194,387,1179,687,,,,,,,,,,
R_3iX5ISZP2mr79Ke,1056,270,972,198,864,360,798,252,1074,510,984,546,1158,738,1224,492,1074,846,,
R_3nN5yIoYhF1xqy0,,,,,,,,,,,,,,,,,,,,
R_0HWL0TcpIs4VuHD,,,,,,,,,,,,,,,,,,,,
R_eDrkbE1jx5kQ7f3,,,,,,,,,,,,,,,,,,,,
R_1ocBqdP4TvvfNiy,,,,,,,,,,,,,,,,,,,,
R_2VR9vJzrEf1RRRX,,,,,,,,,,,,,,,,,,,,
R_YYMtSezJhEQfYcx,,,,,,,,,,,,,,,,,,,,
R_XsI5LOephpzAC53,,,,,,,,,,,,,,,,,,,,
R_1mCVW6mNP9Vy863,,,,,,,,,,,,,,,,,,,,
R_UhJs8KhzYWSZiTL,,,,,,,,,,,,,,,,,,,,
R_DnUikTDmUHNYthv,,,,,,,,,,,,,,,,,,,,
R_2ffCHouiXW4tP1A,,,,,,,,,,,,,,,,,,,,
R_czHNry0tzeLN1LP,,,,,,,,,,,,,,,,,,,,
R_3nkjkXlo4hluAVl,,,,,,,,,,,,,,,,,,,,
R_2BgnYqZu0ONOMnp,,,,,,,,,,,,,,,,,,,,
R_31mDOygqoEH1y2o,,,,,,,,,,,,,,,,,,,,
R_pc9eNstAC9XUM5X,,,,,,,,,,,,,,,,,,,,
R_O1hM9a4PJug5ry1,,,,,,,,,,,,,,,,,,,,
R_xaZnr5vbg4qewjT,,,,,,,,,,,,,,,,,,,,
R_3dxStIuI3hYZCTv,,,,,,,,,,,,,,,,,,,,
R_27qAzsjQlelExRs,,,,,,,,,,,,,,,,,,,,
R_2Ug8bS0zbWmlqcL,,,,,,,,,,,,,,,,,,,,
R_8CVPT8AinaIvR5L,,,,,,,,,,,,,,,,,,,,
R_33BIYUX7uNsDKrh,803,257,948,276,860,332,1002,401,,,,,,,,,,,,
R_eFfbENFJSyvd6cV,,,,,,,,,,,,,,,,,,,,
R_23gIesvweRFbW65,899,148,1031,152,1039,313,804,290,1062,476,1114,581,1160,737,1106,861,,,,
R_27KAybHEih2UEXq,,,,,,,,,,,,,,,,,,,,
R_eK8V3obvOyXPaXT,,,,,,,,,,,,,,,,,,,,
R_31hoNBHkL85rafs,,,,,,,,,,,,,,,,,,,,
R_72olsYCbjSORw09,,,,,,,,,,,,,,,,,,,,
R_4McEsSaZKg00bCx,,,,,,,,,,,,,,,,,,,,
R_1gUcc2KW9CzlO7V,,,,,,,,,,,,,,,,,,,,
R_xtGVB0J7NVSCfeh,,,,,,,,,,,,,,,,,,,,
R_b3Mvqha49ViXpId,,,,,,,,,,,,,,,,,,,,
R_2X4LVCF65hPZMf2,,,,,,,,,,,,,,,,,,,,
R_3gMHnqc9Zsef8I9,,,,,,,,,,,,,,,,,,,,
R_VOuNCgSfC8uOxI5,,,,,,,,,,,,,,,,,,,,
R_1Opi2ucBVDtv2ff,,,,,,,,,,,,,,,,,,,,
R_2Yig93urSsZpb5s,,,,,,,,,,,,,,,,,,,,
R_p0rRZDCzdQ10uUF,,,,,,,,,,,,,,,,,,,,
R_1Pc6WmgDUhrJn3L,,,,,,,,,,,,,,,,,,,,
R_3DexiAqLUVVNLdT,,,,,,,,,,,,,,,,,,,,
R_2xSnks5L5yyjdAP,,,,,,,,,,,,,,,,,,,,
R_1KrPIrkdrkGLAxs,,,,,,,,,,,,,,,,,,,,
R_3eaCalAbD5g5Kjr,,,,,,,,,,,,,,,,,,,,
R_bwqDK0rX0yBNQUp,,,,,,,,,,,,,,,,,,,,
R_bkpjlW4CxfpvUUp,,,,,,,,,,,,,,,,,,,,
R_1QDtWL1Pq9qYT5X,,,,,,,,,,,,,,,,,,,,
R_10Hs9ZNkY1h9UmO,,,,,,,,,,,,,,,,,,,,
R_1MGBcfxxuS8dDeF,,,,,,,,,,,,,,,,,,,,
R_12fdPtIMRkAIg64,,,,,,,,,,,,,,,,,,,,
R_1loESOJVUZnWMxa,,,,,,,,,,,,,,,,,,,,
R_2chYGkwPR8MNcWT,,,,,,,,,,,,,,,,,,,,
R_uetGbHAE17C7O0N,,,,,,,,,,,,,,,,,,,,
R_1l6SrtniKZ82FPz,,,,,,,,,,,,,,,,,,,,
R_3NR0P1jfljSVe5s,,,,,,,,,,,,,,,,,,,,
R_2SjYbk8jKwdMAYq,,,,,,,,,,,,,,,,,,,,
R_3e8exf0hg4zQNTd,,,,,,,,,,,,,,,,,,,,
R_sSEUJUA2ium8mhH,,,,,,,,,,,,,,,,,,,,
R_3stxW8suZj3nVXt,,,,,,,,,,,,,,,,,,,,
R_XnvJB2u0ZiJMaRP,,,,,,,,,,,,,,,,,,,,
R_3MfGWc7VeZ3dx6f,,,,,,,,,,,,,,,,,,,,
R_1GWerggg5ErZqht,,,,,,,,,,,,,,,,,,,,
R_1odN4iz6JSthAc0,,,,,,,,,,,,,,,,,,,,
R_1I3KpykhrEYBVKd,,,,,,,,,,,,,,,,,,,,
R_3nP1IT89f3xM8Wv,,,,,,,,,,,,,,,,,,,,
R_32X7bmIyOFN2dOA,,,,,,,,,,,,,,,,,,,,
R_e9DZLTPBor0ejLz,,,,,,,,,,,,,,,,,,,,
R_3dFcMVfqLHbXajc,,,,,,,,,,,,,,,,,,,,
R_3dEArfI6M7NSsUX,,,,,,,,,,,,,,,,,,,,
R_Ce1fqSGbZ57dZCN,,,,,,,,,,,,,,,,,,,,
R_2BfbfzZdEB7alw2,,,,,,,,,,,,,,,,,,,,
R_YYqTcUmWv6Kavmx,,,,,,,,,,,,,,,,,,,,
R_32Se1XJRy6poc5s,,,,,,,,,,,,,,,,,,,,
R_1ddmnQMj6ZBHLXj,1033,984,1027,307,1106,522,,,,,,,,,,,,,,
R_37yuxwR33kFtWG5,,,,,,,,,,,,,,,,,,,,
R_06QRkjpvHXZNCjD,,,,,,,,,,,,,,,,,,,,
R_2uVrDvF37BpyuqG,,,,,,,,,,,,,,,,,,,,
R_2roc82tIJLBelMA,,,,,,,,,,,,,,,,,,,,
R_3Rgf4PyK07lvhXN,,,,,,,,,,,,,,,,,,,,
R_3CJHtL3HkfcDm0H,,,,,,,,,,,,,,,,,,,,
R_AF1pZDBBcwglPIR,,,,,,,,,,,,,,,,,,,,
R_3KABk13YVKy3ssJ,,,,,,,,,,,,,,,,,,,,
R_1gO4h8nUvZht9Uq,,,,,,,,,,,,,,,,,,,,
R_1Fa0LTU4KofrXHw,,,,,,,,,,,,,,,,,,,,
R_2taIQc9qdFNzv6U,,,,,,,,,,,,,,,,,,,,
R_2wA14zPB0FONKgQ,,,,,,,,,,,,,,,,,,,,
R_6lesHKvwULXCjHH,,,,,,,,,,,,,,,,,,,,
R_xlOPHtwLYZTLluh,,,,,,,,,,,,,,,,,,,,
R_4TsWlXuftfs4CGZ,959,346,1041,280,1008,457,1084,568,1161,667,1103,798,1103,913,957,543,862,288,934,175
R_3EXClAz9nIBiNuD,,,,,,,,,,,,,,,,,,,,
R_3OqdkHLK9sVgZnU,,,,,,,,,,,,,,,,,,,,
R_2dYd1FiyBokY0hH,,,,,,,,,,,,,,,,,,,,
R_20P4fRtY97Xx2Zj,,,,,,,,,,,,,,,,,,,,
R_2WuOgpZTbjCEXd0,,,,,,,,,,,,,,,,,,,,
R_3shnVfOqdrxQJDN,,,,,,,,,,,,,,,,,,,,
R_2Yb9XkvMiu7Gtcw,,,,,,,,,,,,,,,,,,,,
R_2Et64vhCaGBbUoO,,,,,,,,,,,,,,,,,,,,
R_33j1JhTGtjnjSIc,,,,,,,,,,,,,,,,,,,,
R_1lAyI5OIrdsuVdN,,,,,,,,,,,,,,,,,,,,
R_2zSKpmVNCwIZE91,,,,,,,,,,,,,,,,,,,,
R_2wpKJLTeaIPedrN,,,,,,,,,,,,,,,,,,,,
R_pH28V9teQ3ADtXr,,,,,,,,,,,,,,,,,,,,
R_2dHpMycDGkICuZv,,,,,,,,,,,,,,,,,,,,
R_1CqDGsa1BiA9DbP,,,,,,,,,,,,,,,,,,,,
R_3dR1xUQFwf7MtIb,,,,,,,,,,,,,,,,,,,,
R_3rMyyNPa9k5Pw9G,,,,,,,,,,,,,,,,,,,,
R_pucYwR7L3n8utO1,,,,,,,,,,,,,,,,,,,,
R_d6iVvWLoN7vzuEx,,,,,,,,,,,,,,,,,,,,
R_2CHOeI1bU3KZUI7,,,,,,,,,,,,,,,,,,,,
R_BKyqWQJD73A6wRX,,,,,,,,,,,,,,,,,,,,
R_2UW6MMXMtWAtZRy,,,,,,,,,,,,,,,,,,,,
R_3G3C9nF1fTaJqmp,1008,457,1116,489,1069,589,1292,508,1012,334,1023,198,904,134,839,267,887,361,914,554
R_Q9Zwb9gcKjldJMB,,,,,,,,,,,,,,,,,,,,
R_2EsCkKxvhJlJAU3,,,,,,,,,,,,,,,,,,,,
R_1160aaNfzgJm03h,,,,,,,,,,,,,,,,,,,,
R_3IQWOIwdxzJthKo,,,,,,,,,,,,,,,,,,,,
R_C3MNKPJ1qdKfp9D,,,,,,,,,,,,,,,,,,,,
R_32VDmRd9uznRgPF,,,,,,,,,,,,,,,,,,,,
R_1hyXWlJsdFa9nJu,,,,,,,,,,,,,,,,,,,,
R_3rSbLo0Efs36sIl,,,,,,,,,,,,,,,,,,,,
R_2cbTXeLiqqpSOqN,,,,,,,,,,,,,,,,,,,,
R_3CP0YWKF7ptzrvi,,,,,,,,,,,,,,,,,,,,
R_1ogSiFkrgT2ljUC,,,,,,,,,,,,,,,,,,,,
R_3dLkwFOcawDt96f,,,,,,,,,,,,,,,,,,,,
R_8pKsjnadssYzBOF,,,,,,,,,,,,,,,,,,,,
R_2sceWhYppDGmjD0,,,,,,,,,,,,,,,,,,,,
R_1n8XAdPsIycIQ15,,,,,,,,,,,,,,,,,,,,
R_08RircBc27ctUFX,,,,,,,,,,,,,,,,,,,,
R_OffOe0xJwzHfZKh,,,,,,,,,,,,,,,,,,,,
R_1cZfD4htK1mCY9K,,,,,,,,,,,,,,,,,,,,
R_3qeyLTt86f6nnpC,902,326,856,234,975,142,1062,418,1177,591,1177,790,,,,,,,,
R_3m8fJ6HUj5erbJH,,,,,,,,,,,,,,,,,,,,
R_2wEIya92EIWaM0D,,,,,,,,,,,,,,,,,,,,
R_1FxnYPdHh0XfpuE,,,,,,,,,,,,,,,,,,,,
R_cG8F4wBeTVNSXrb,,,,,,,,,,,,,,,,,,,,
R_2YD1kOmRXebmO18,,,,,,,,,,,,,,,,,,,,
R_vjf5S81kSDIZOpP,,,,,,,,,,,,,,,,,,,,
R_238HPti5WPVM1hD,,,,,,,,,,,,,,,,,,,,
R_1jSYARqet6tlp3r,,,,,,,,,,,,,,,,,,,,
R_22oaynhTenQ1JUA,,,,,,,,,,,,,,,,,,,,
R_1Lhv0jwWkmDKBfV,,,,,,,,,,,,,,,,,,,,
R_1Nnpo8wlbk9kaNa,,,,,,,,,,,,,,,,,,,,
R_3PhqPZI71CHoJJc,,,,,,,,,,,,,,,,,,,,
R_oY1bflvD5P4EPuh,,,,,,,,,,,,,,,,,,,,
R_3RaxgdPg0qQTPfq,,,,,,,,,,,,,,,,,,,,
R_2P12XWVnn7USAhr,,,,,,,,,,,,,,,,,,,,
R_6ofd4lAXT78XFfP,,,,,,,,,,,,,,,,,,,,
R_1IEgjRL2ZCUsW0r,,,,,,,,,,,,,,,,,,,,
R_1ONVroc6B68nczE,,,,,,,,,,,,,,,,,,,,
R_1LSu3H17PWUTWE5,,,,,,,,,,,,,,,,,,,,
R_27eE8T0Y6UDALJR,,,,,,,,,,,,,,,,,,,,
R_ZDhjjQWCUehaYmZ,,,,,,,,,,,,,,,,,,,,
R_3LYCUUCtt1ogIJ5,,,,,,,,,,,,,,,,,,,,
R_12gb2chuP4nh5Z0,,,,,,,,,,,,,,,,,,,,
R_ystJTrJ2DgZnOwx,,,,,,,,,,,,,,,,,,,,
R_u220qFLXKSx8Cwp,,,,,,,,,,,,,,,,,,,,
R_Zx8cHmOwWVmuaHv,1150,226,1068,504,827,314,,,,,,,,,,,,,,
R_aVjoCyzTZ2PiRDr,,,,,,,,,,,,,,,,,,,,
R_3hrLSIdkHc10n4Q,,,,,,,,,,,,,,,,,,,,
R_3hhbY1Wdb8FIwP2,,,,,,,,,,,,,,,,,,,,
R_1IELlmI8kbhaT9b,,,,,,,,,,,,,,,,,,,,
R_31o52w2bhD3sljt,,,,,,,,,,,,,,,,,,,,
R_30pibDRDEvAMvrf,,,,,,,,,,,,,,,,,,,,
R_3IYvqb0nOlkL5ye,,,,,,,,,,,,,,,,,,,,
R_1kGimNJn4na1Tf1,1164,107,1152,246,1213,380,1221,499,1240,658,1273,796,1217,928,,,,,,
R_1eVsrRI984zdBZO,,,,,,,,,,,,,,,,,,,,
R_3fcRCADWfZ0LjrN,,,,,,,,,,,,,,,,,,,,
R_3PMsn85ZRb3hyUb,,,,,,,,,,,,,,,,,,,,
R_2wukN7ok4Uz5vOE,,,,,,,,,,,,,,,,,,,,
R_2U9JStk85sm0XGk,,,,,,,,,,,,,,,,,,,,
R_3J9PamVKhgisJIt,,,,,,,,,,,,,,,,,,,,
R_2fIM29GdnZYs5eP,,,,,,,,,,,,,,,,,,,,
R_bpWQOmgoVlNxuCJ,,,,,,,,,,,,,,,,,,,,
R_SNSqpYIWRr2LJy9,,,,,,,,,,,,,,,,,,,,
R_27p4BXsmLJvtnLI,,,,,,,,,,,,,,,,,,,,
R_2dym3P9RlI6r5Uy,,,,,,,,,,,,,,,,,,,,
R_3R7mppcm9Fghjac,,,,,,,,,,,,,,,,,,,,
R_1OvIV5qaM9Ma4mL,,,,,,,,,,,,,,,,,,,,
R_3MFgBSEmgl0Xzkm,,,,,,,,,,,,,,,,,,,,
R_2e8t5dyS5dkN8et,,,,,,,,,,,,,,,,,,,,
R_2SjnzBnLcuWN3kB,,,,,,,,,,,,,,,,,,,,
R_3ezyzrUd2sBvriE,,,,,,,,,,,,,,,,,,,,
R_1gMIOhBnQQSfrbk,,,,,,,,,,,,,,,,,,,,
R_3oLdWNjunLrBnZ4,,,,,,,,,,,,,,,,,,,,
R_3gYoVuWbnutVoQm,,,,,,,,,,,,,,,,,,,,
R_O6DVh39aUW7CtcB,,,,,,,,,,,,,,,,,,,,
R_22qOPYObQKx4zVx,,,,,,,,,,,,,,,,,,,,
R_3CVkvuvhZkVEzYb,,,,,,,,,,,,,,,,,,,,
R_1iqUs21cwMOGK9q,,,,,,,,,,,,,,,,,,,,
R_10UGLeF0htN6onR,,,,,,,,,,,,,,,,,,,,
R_2zAQO70lGzUI7u3,,,,,,,,,,,,,,,,,,,,
R_ST3rSlZrMGdusVz,,,,,,,,,,,,,,,,,,,,
R_1rJFDJ7K984LBPw,,,,,,,,,,,,,,,,,,,,
R_2SqaYbtI4PBs86Q,,,,,,,,,,,,,,,,,,,,
R_3KwtqQjlYFpcT94,,,,,,,,,,,,,,,,,,,,
R_SDZeaUXDpUxYdGN,,,,,,,,,,,,,,,,,,,,
R_1me0cJipUc3PtD8,,,,,,,,,,,,,,,,,,,,
R_1l4dfmrGxF3yvuX,,,,,,,,,,,,,,,,,,,,
R_3HUOBBiCtaprlQ3,,,,,,,,,,,,,,,,,,,,
R_2cnBXpvQBaYA8pQ,,,,,,,,,,,,,,,,,,,,
R_DieNAxhw7yUm1xL,,,,,,,,,,,,,,,,,,,,
R_UrzasPNfGifqwWl,,,,,,,,,,,,,,,,,,,,
R_tWJQ4UgySctzbrj,,,,,,,,,,,,,,,,,,,,
R_2ToSDt83oaldMfB,,,,,,,,,,,,,,,,,,,,
R_1DZLD2eiAisHGeE,,,,,,,,,,,,,,,,,,,,
R_2eRKInnujkGEfYG,,,,,,,,,,,,,,,,,,,,
R_3PH4JwGboFjCXP9,,,,,,,,,,,,,,,,,,,,
R_3JqERPVaeQsY2y3,847,165,1196,262,1294,787,1283,525,1058,509,,,,,,,,,,
R_2UY3lXqzkGoTmAY,,,,,,,,,,,,,,,,,,,,
R_3HT76yzMYjsaNaJ,,,,,,,,,,,,,,,,,,,,
R_Wr0ONrRGjdx7mG5,,,,,,,,,,,,,,,,,,,,
R_2pYIwcVjwoxCGxc,,,,,,,,,,,,,,,,,,,,
R_e9YsQAeZ3MRHD6V,,,,,,,,,,,,,,,,,,,,
R_1OoWaBcRGLmrfJ6,,,,,,,,,,,,,,,,,,,,
R_3IYL8JgmZLaT9aW,,,,,,,,,,,,,,,,,,,,
R_3G6VfwP8geNYLb2,,,,,,,,,,,,,,,,,,,,
R_3qmv4FK0YaxufLN,,,,,,,,,,,,,,,,,,,,
R_3s66KcQ0EVU0kL0,,,,,,,,,,,,,,,,,,,,
R_3D0ysMxZTAWDnO7,,,,,,,,,,,,,,,,,,,,
R_2BbV5yv0A3zLSGW,,,,,,,,,,,,,,,,,,,,
R_2pQY6r0eq3xTNgU,749,119,835,307,1021,171,1219,205,1096,349,1208,485,1025,497,1112,585,972,303,1144,744
R_AKCMHrSsK02ORYl,,,,,,,,,,,,,,,,,,,,
R_w1vAo5bIdSpsm89,,,,,,,,,,,,,,,,,,,,
R_20NiJFb37YhiNVv,,,,,,,,,,,,,,,,,,,,
R_2z7IvT3PXhFgfwf,924,307,,,,,,,,,,,,,,,,,,
R_1OvMup2J9PiSP4r,,,,,,,,,,,,,,,,,,,,
R_4H271CYMG0jIA6J,853,282,975,182,977,339,1095,461,1140,599,,,,,,,,,,
R_2dMHldVU0XBtFyq,1070,499,933,225,,,,,,,,,,,,,,,,
R_3M5NUds1VndQcV4,,,,,,,,,,,,,,,,,,,,
R_3LhS3UddFzSeBxE,,,,,,,,,,,,,,,,,,,,
R_5aSeaxXMjVP6TsZ,,,,,,,,,,,,,,,,,,,,
R_10DldIPFO9xZ4Hs,,,,,,,,,,,,,,,,,,,,
R_1mKselBKj1Qr3nh,,,,,,,,,,,,,,,,,,,,
R_1gtlRd0aabXAHBa,,,,,,,,,,,,,,,,,,,,
R_2wufF4Etbg0qivP,,,,,,,,,,,,,,,,,,,,
R_NVKZx6DhrLYiCCB,,,,,,,,,,,,,,,,,,,,
R_bdS7Ztk5nzHNLEd,,,,,,,,,,,,,,,,,,,,
R_2XimI6j3ro4bDTl,,,,,,,,,,,,,,,,,,,,
R_9HsoPTdzbreOVqx,,,,,,,,,,,,,,,,,,,,
R_1eLgv5w1qET1xqA,,,,,,,,,,,,,,,,,,,,
R_p6sVuIMjJt6mWnT,,,,,,,,,,,,,,,,,,,,
R_31Hqa4h9HUz9UVI,,,,,,,,,,,,,,,,,,,,
R_31afIjdoQGSw6tm,,,,,,,,,,,,,,,,,,,,
R_1rwSz7XesEQ2Mww,,,,,,,,,,,,,,,,,,,,
R_12D69JPeiLb6rwp,854,293,941,146,998,416,1035,531,1144,560,1171,733,1135,857,1050,309,,,,
R_O7L0hRdWJwY4nWV,,,,,,,,,,,,,,,,,,,,
R_3njcEkVTVWQXONx,,,,,,,,,,,,,,,,,,,,
R_51QPCJP7er3U1CV,,,,,,,,,,,,,,,,,,,,
R_2f2LZiAgPsSMX5i,,,,,,,,,,,,,,,,,,,,
R_rcgEs089cOpMvrH,,,,,,,,,,,,,,,,,,,,
R_216AIXiHchpDBXx,,,,,,,,,,,,,,,,,,,,
R_2YLd8YQfaRrmwZO,,,,,,,,,,,,,,,,,,,,
R_3kmJGDONEe8w40c,,,,,,,,,,,,,,,,,,,,
R_3M9AuSP0tEgZDFn,,,,,,,,,,,,,,,,,,,,
R_Cad49MKo28WOHlL,,,,,,,,,,,,,,,,,,,,
R_OvUARgRZUn8keAh,,,,,,,,,,,,,,,,,,,,
R_1LYkU0AGyGzwSxe,,,,,,,,,,,,,,,,,,,,
R_1opSFC8GWRCjSEA,,,,,,,,,,,,,,,,,,,,
R_3kuY5GC5DGeblS1,,,,,,,,,,,,,,,,,,,,
R_eaGyPCDQ8gdXAsN,,,,,,,,,,,,,,,,,,,,
R_9vP4HGlkDiqmu2t,,,,,,,,,,,,,,,,,,,,
R_3lGOJ2kiYlqH1xm,,,,,,,,,,,,,,,,,,,,
R_3iswn4aU5ZmueSh,,,,,,,,,,,,,,,,,,,,
R_3Gdpw1cBxVnl9yW,,,,,,,,,,,,,,,,,,,,
R_3MRqCzkVrWQc7S2,,,,,,,,,,,,,,,,,,,,
R_2rT0VbxhzXfcnAP,,,,,,,,,,,,,,,,,,,,
R_3002jELB7PGXr5r,,,,,,,,,,,,,,,,,,,,
R_2OZV5EnEdR0RVn3,,,,,,,,,,,,,,,,,,,,
R_1PcTMXiIQPDTLjq,816,292,1139,518,962,526,1071,253,1156,750,1117,921,,,,,,,,
R_2B2I6hgmqPUYyoj,,,,,,,,,,,,,,,,,,,,
R_2bKuiu3ZqoLXMsM,,,,,,,,,,,,,,,,,,,,
R_sGLggrhu4G94d4B,,,,,,,,,,,,,,,,,,,,
R_3ma8zEgSsUnbwSZ,,,,,,,,,,,,,,,,,,,,
R_xxUVhCd5cmeZtOV,,,,,,,,,,,,,,,,,,,,
R_PUSsLNP4csF4b9T,,,,,,,,,,,,,,,,,,,,
R_z3kCoZfeXb1VLWh,,,,,,,,,,,,,,,,,,,,
R_2qraCEfVF7RtJ3q,,,,,,,,,,,,,,,,,,,,
R_DAAXQi5ZTFobHDr,,,,,,,,,,,,,,,,,,,,
R_2WTo2YZQ4QWyFa3,,,,,,,,,,,,,,,,,,,,
R_1CluyhWYg7qwxtr,,,,,,,,,,,,,,,,,,,,
R_2WCKsgbZfit2jLE,,,,,,,,,,,,,,,,,,,,
R_11c4qGjYKphcTJ6,,,,,,,,,,,,,,,,,,,,
R_3QF99xEXky3KcTs,,,,,,,,,,,,,,,,,,,,
R_1oFo6bnarUHbLgk,,,,,,,,,,,,,,,,,,,,
R_2YX2v075HqAW9z4,,,,,,,,,,,,,,,,,,,,
R_1pt9XGA7lS4fjnO,889,278,941,184,1094,234,1202,669,,,,,,,,,,,,
R_29bQDgaG0EhJaQC,,,,,,,,,,,,,,,,,,,,
R_1NgnKK1idn6LKkG,,,,,,,,,,,,,,,,,,,,
R_1EZlrJfTgTOYrV0,,,,,,,,,,,,,,,,,,,,
R_pKGVoTScAd532g1,831,313,977,282,920,552,1029,491,941,737,1144,744,893,153,,,,,,
R_1jDhDrgRfSBwCNv,,,,,,,,,,,,,,,,,,,,
R_3320uJdhjptEtiD,,,,,,,,,,,,,,,,,,,,
R_1rfeABAHdChy4Bc,,,,,,,,,,,,,,,,,,,,
R_1IMgpWKeiWZHpGB,,,,,,,,,,,,,,,,,,,,
R_3fBpqON3pgriVWW,,,,,,,,,,,,,,,,,,,,
R_27BBQM9MMQewrLK,,,,,,,,,,,,,,,,,,,,
R_2eaqPL9avc370kz,,,,,,,,,,,,,,,,,,,,
R_3jUVkkpxxMsovbU,,,,,,,,,,,,,,,,,,,,
R_3q82NhmrrgaBVKF,,,,,,,,,,,,,,,,,,,,
R_1FwUegXMJIUclx9,,,,,,,,,,,,,,,,,,,,
R_2XjHZylYIA5rFZA,,,,,,,,,,,,,,,,,,,,
R_bxdPpFObfBJKrp7,,,,,,,,,,,,,,,,,,,,
R_ZL8DGrgJQbi8hlD,,,,,,,,,,,,,,,,,,,,
R_2D8iRU5PfUqwjpH,1029,157,1043,247,885,148,1106,411,1250,501,1046,503,1117,760,1127,856,1092,971,,
R_1mtq1pQVKPbHoAQ,,,,,,,,,,,,,,,,,,,,
R_1dLi7cW9J2RnEHW,,,,,,,,,,,,,,,,,,,,
R_RX4lWnHa8SK9KRr,,,,,,,,,,,,,,,,,,,,
R_1dMnDrTvOP4ZDVA,,,,,,,,,,,,,,,,,,,,
R_32WI2ZuFCs4wVXb,908,157,1012,420,1085,533,1133,622,1165,744,1125,852,1119,959,851,318,1025,276,1027,163
R_3PvMUo5M9WpRUlI,,,,,,,,,,,,,,,,,,,,
R_3OlwfhA26PHVyGJ,,,,,,,,,,,,,,,,,,,,
R_2YOZDdHeyBqTtPx,,,,,,,,,,,,,,,,,,,,
R_RISe61kSIaGHglz,,,,,,,,,,,,,,,,,,,,
R_eRw4MWnHohafuet,,,,,,,,,,,,,,,,,,,,
R_3pa0bis24Oi5viM,,,,,,,,,,,,,,,,,,,,
R_XZDN6LaqCXzC4hP,,,,,,,,,,,,,,,,,,,,
R_3EybwJbum2forOP,,,,,,,,,,,,,,,,,,,,
R_1IcR9rKFVJOpigw,,,,,,,,,,,,,,,,,,,,
R_2DRJVISIIGmU605,,,,,,,,,,,,,,,,,,,,
R_1iflqLLj6Q9hinb,835,278,1002,412,,,,,,,,,,,,,,,,
R_1lbksEh6vtl3KU7,,,,,,,,,,,,,,,,,,,,
R_T6mCQmeAwj0HlN7,,,,,,,,,,,,,,,,,,,,
R_1flaOdrcWRY0E4c,,,,,,,,,,,,,,,,,,,,
R_Tkgj4wWnolUR5YJ,,,,,,,,,,,,,,,,,,,,
R_sGSwab40aHt8QJr,,,,,,,,,,,,,,,,,,,,
R_28S7c6d0eZcWmdL,,,,,,,,,,,,,,,,,,,,
R_238mK7sHy8qRM3f,,,,,,,,,,,,,,,,,,,,
R_1BXaUqv3RrlAIXc,,,,,,,,,,,,,,,,,,,,
R_3JJBaTqJsVHhgbZ,857,309,1063,319,1119,545,955,689,960,489,950,134,1196,777,1073,987,,,,
R_3hi4toR785434my,,,,,,,,,,,,,,,,,,,,
R_1JEGFSXSJXXuLrA,,,,,,,,,,,,,,,,,,,,
R_2Pc0wpxqWMjavTT,,,,,,,,,,,,,,,,,,,,
R_2Uh0I3hno9IAuUa,,,,,,,,,,,,,,,,,,,,
R_bOVCEqeePhxuwdr,809,287,1049,185,1070,342,1056,513,1282,485,1104,670,1063,902,,,,,,
R_278YK52dvB4Jpbx,,,,,,,,,,,,,,,,,,,,
R_2xxw8NKK6ecaVo5,,,,,,,,,,,,,,,,,,,,
R_1mwJAvdjtBwdj8e,,,,,,,,,,,,,,,,,,,,
R_3JqK2h5w6ggmpTF,,,,,,,,,,,,,,,,,,,,
R_3lyUxL8UYb2isfH,,,,,,,,,,,,,,,,,,,,
R_1pMbyoqLxDIj5WI,,,,,,,,,,,,,,,,,,,,
R_3nVHx55TVzQC5Jj,,,,,,,,,,,,,,,,,,,,
R_Ddbhzio6kEME0Eh,687,347,787,332,828,238,874,140,1050,299,1037,188,1043,405,1102,476,,,,
R_3XbbFcGtgVNZOBX,,,,,,,,,,,,,,,,,,,,
R_5oirLE3i7YaPOCZ,,,,,,,,,,,,,,,,,,,,
R_1NF8IzGBlDAC34C,866,301,981,278,996,386,1002,512,1119,535,1225,401,1260,666,1267,854,,,,
R_ukbeyvFCu4ojSQF,946,178,1118,273,960,314,1049,472,,,,,,,,,,,,
R_Q6MystdGWz66L1T,,,,,,,,,,,,,,,,,,,,
R_27ILDK1ndZd6nXU,1245,422,1245,910,834,263,,,,,,,,,,,,,,
R_25zLQI2zolKteRZ,862,280,1112,783,1091,501,937,545,1023,200,895,152,985,368,,,,,,
R_2sTotoUG4X9nRGC,,,,,,,,,,,,,,,,,,,,
R_1rCEvgnXZ4V8rhh,,,,,,,,,,,,,,,,,,,,
R_22WaRgomZEvSgNh,1100,982,1137,867,1152,758,1196,677,1167,579,962,996,1248,501,,,,,,
R_2m1wt2dbEVTuMk9,1157,669,,,,,,,,,,,,,,,,,,
R_3O2mOEpQhS5xKn8,1129,931,1175,712,,,,,,,,,,,,,,,,
R_2cenU0Wbgt82AkN,904,142,1010,157,822,299,1087,480,987,501,1156,733,1127,927,,,,,,
R_TmXSUkOcPTa4jAt,941,188,881,269,780,334,979,334,995,457,1094,474,1025,537,1123,575,1121,742,1125,863
R_2v0LKmeeDZW23CX,,,,,,,,,,,,,,,,,,,,
R_1eCTNjcvGy9CbmE,1071,823,918,155,835,332,1023,351,1081,531,979,528,1135,723,,,,,,
R_3m9Ox97JDKgCy3c,1748,241,911,86,831,350,1009,471,1123,259,1163,603,1129,787,1118,977,,,,
R_1LjtFcXkH5xMtOZ,,,,,,,,,,,,,,,,,,,,
R_781BBE350yZEWZ3,1083,959,1112,368,1072,638,1014,161,888,144,1083,954,,,,,,,,
R_3n5SDrJ2UoUMdRg,1196,554,1141,373,1064,263,1218,696,1009,154,1212,850,,,,,,,,
R_1IhmdfZFsOHPVVg,1002,600,840,270,1038,300,1050,456,1086,168,930,156,1134,738,1152,576,1116,912,,
R_31S473SleW2i7Ke,,,,,,,,,,,,,,,,,,,,
R_2SitZ5bFNO7fzn0,1221,144,1135,701,1318,391,1376,540,1261,890,1095,977,1026,121,,,,,,
R_3HuUXHOOPDDdB95,,,,,,,,,,,,,,,,,,,,
R_2rjEo7IYjJ26Evq,,,,,,,,,,,,,,,,,,,,
R_2EnkyQknpMA00Gw,1100,545,998,293,845,274,925,146,1269,501,1046,150,1004,457,925,572,1148,731,1119,957
R_6zCTeTgKA4Q0w5b,,,,,,,,,,,,,,,,,,,,
R_PS8p4liTcZ8FyN3,1112,986,1142,854,1156,717,1148,583,1052,483,1016,610,995,351,1000,203,887,142,833,265
R_2QMRPoM5K1CeRWE,799,288,1033,280,993,508,1117,746,,,,,,,,,,,,
R_ZIz0DXS6gVJSK3f,1142,915,1162,733,1117,514,985,497,1043,280,1037,136,916,115,799,247,902,347,,
R_0ofDtlEesAQFKdH,1046,198,1039,293,812,332,829,238,891,140,1025,497,1125,740,1131,894,1133,566,,
R_12JegFgYrAbB1Nm,989,299,1164,756,824,299,1018,161,970,501,,,,,,,,,,
R_3KTvKTtjtNNoEJN,,,,,,,,,,,,,,,,,,,,
R_3KZ0Cr4b1ZEOreG,1131,733,1054,606,983,501,1071,478,998,409,1012,309,1037,194,856,253,852,332,904,547
R_3KZ92vKFdnkCpOu,1207,561,1221,342,987,280,974,513,795,253,,,,,,,,,,
R_2VDEjOtnJ3qbudv,,,,,,,,,,,,,,,,,,,,
R_3KNuwjLUPXKA9Th,1131,509,1044,286,1031,149,1031,422,1081,608,1143,745,,,,,,,,
R_3R7LpvnHRA8GVz2,,,,,,,,,,,,,,,,,,,,
R_vSoaVO5MBYQuwRr,1023,153,1219,251,941,355,1110,564,1135,742,1079,1003,799,313,872,159,,,,
R_1M6RRAcpQMIyvXZ,,,,,,,,,,,,,,,,,,,,
R_27D96i8Y0FnAEiE,,,,,,,,,,,,,,,,,,,,
R_2bChsmh5HaS3Drj,,,,,,,,,,,,,,,,,,,,
R_2cufBBIy9DRHmxi,1112,224,1236,370,1192,694,950,148,,,,,,,,,,,,
R_2SvRU5q9ykFAjWJ,,,,,,,,,,,,,,,,,,,,
R_yx2u0Pv8vtXTrsR,1156,746,1104,476,1050,238,841,363,1108,967,,,,,,,,,,
R_3kAhrPnh6DhHcjS,780,259,958,272,1039,435,1073,591,1129,744,1073,890,952,740,939,552,912,129,1267,533
R_qRsROt255iqgGhr,,,,,,,,,,,,,,,,,,,,
R_cHnaTHDmf59gH6N,1070,811,1026,570,861,318,1031,334,1119,482,1185,713,1179,587,911,159,1042,197,,
R_AiJ2bWrUy0FBINb,,,,,,,,,,,,,,,,,,,,
R_337JXL9x6wbe0ve,1104,994,1137,886,1177,579,1162,725,983,303,,,,,,,,,,
R_3fPPPdUtujErOdT,1202,698,950,180,1123,232,,,,,,,,,,,,,,
R_31yNKMuBxRRoypv,,,,,,,,,,,,,,,,,,,,
R_2uKX3zQZVfQo1Zq,,,,,,,,,,,,,,,,,,,,
R_1IctDgrtOkP2Iec,209,142,839,226,1025,495,1154,514,,,,,,,,,,,,
R_1mOPUXdjv0KafrW,,,,,,,,,,,,,,,,,,,,
R_216s7dW2pHzeyBt,1085,363,1116,251,1198,349,1217,261,1092,155,1223,163,718,238,626,169,1190,470,1244,666
R_1hXqCMEkAKBO8oy,1229,370,1108,290,1150,213,922,65,,,,,,,,,,,,
R_10IQeBa4E3Luexr,,,,,,,,,,,,,,,,,,,,
R_29hpwvobi6DJ3Gu,,,,,,,,,,,,,,,,,,,,
R_1gdM1Q9Cy46fPlD,1099,828,1078,345,1206,633,857,159,1068,514,1124,998,934,566,919,391,1006,247,,
R_BulVVsIbC77SXId,,,,,,,,,,,,,,,,,,,,
R_1MWchJ9uZnEjeZv,1246,568,1156,215,858,292,,,,,,,,,,,,,,
R_3DteGxYIMKQ6Smy,720,332,1041,246,993,509,1202,96,,,,,,,,,,,,
R_3p8TVDkf6bsZn6t,,,,,,,,,,,,,,,,,,,,
R_2BA1OTy7EsCwvho,822,258,,,,,,,,,,,,,,,,,,
R_30ei2bmabWa8DIn,1275,519,1044,281,1089,515,975,509,1137,748,931,763,912,144,1029,175,1223,156,1121,598
R_1jWnwfRqtkeJXPw,,,,,,,,,,,,,,,,,,,,
R_2cdA4lzEJ34lV5K,,,,,,,,,,,,,,,,,,,,
R_2WNcNbPxKT8LNW1,,,,,,,,,,,,,,,,,,,,
R_Zy0rqLfOCl5i2EF,,,,,,,,,,,,,,,,,,,,
R_2qreWEcrhzcjzFV,1005,180,826,334,1042,472,1087,575,1140,746,1120,857,1096,973,915,552,849,189,989,314
R_2fpKD6bwT4eYPSQ,902,129,1041,186,1027,286,1014,407,1020,492,927,567,1062,625,1162,601,1137,744,1114,849
R_2QXwwbg7qWqG0Eg,,,,,,,,,,,,,,,,,,,,
R_1i3cYJNiCQH97CN,,,,,,,,,,,,,,,,,,,,
R_2v7DS9S91bzzTvY,,,,,,,,,,,,,,,,,,,,
R_2YS96muDERrvoFI,,,,,,,,,,,,,,,,,,,,
R_3JdQHNSAGQ0QBtw,927,341,1000,424,939,522,1073,503,1018,585,1135,600,1142,716,1112,827,1089,950,826,299
R_ZkK1RzBXOwEiAVP,,,,,,,,,,,,,,,,,,,,
R_3fJpJR7HeKS4kpr,,,,,,,,,,,,,,,,,,,,
R_1HoUXoQqSyvgfbp,,,,,,,,,,,,,,,,,,,,
R_12Mw9HACVYeTfgm,,,,,,,,,,,,,,,,,,,,
R_1ir19vC1NbFRkAc,,,,,,,,,,,,,,,,,,,,
R_2aCyVTc5wVCmVYq,,,,,,,,,,,,,,,,,,,,
R_2tfXJ2H4FtIljn8,,,,,,,,,,,,,,,,,,,,
R_22tul3ibRHlGlOO,,,,,,,,,,,,,,,,,,,,
R_3R43LiWjxCA2orx,,,,,,,,,,,,,,,,,,,,
R_1LnEZMY8RAP5eo8,1056,637,975,508,1069,476,1033,299,810,282,1119,948,,,,,,,,
R_1Q5b9AKA4krnNzi,,,,,,,,,,,,,,,,,,,,
R_3Rg66YTzvm58EOg,,,,,,,,,,,,,,,,,,,,
R_sNXYT8yh9tvU8xj,,,,,,,,,,,,,,,,,,,,
R_1dNBMmTgWirItys,,,,,,,,,,,,,,,,,,,,
R_2D6MUjJ1E3i9Q4g,,,,,,,,,,,,,,,,,,,,
R_2wddeW8R0OtazI5,,,,,,,,,,,,,,,,,,,,
R_6fWAtA6oO3vyocV,,,,,,,,,,,,,,,,,,,,
R_1n9DiDJLEIIiWrd,,,,,,,,,,,,,,,,,,,,
R_1GHuiU9D5nD7MVG,,,,,,,,,,,,,,,,,,,,
R_2ypWJIagiQ6EOmw,,,,,,,,,,,,,,,,,,,,
R_3fOyUtjhViAfTXf,,,,,,,,,,,,,,,,,,,,
R_8jJE9TDGXA9SuJ3,,,,,,,,,,,,,,,,,,,,
R_2ck2FZvHTcS5iab,,,,,,,,,,,,,,,,,,,,
R_UaP5FbSnBpkwSbv,,,,,,,,,,,,,,,,,,,,
R_8vpPnXbpFDbJogp,,,,,,,,,,,,,,,,,,,,
R_1jwgCWWVma0cdFk,,,,,,,,,,,,,,,,,,,,
R_237YDtbA7grNA9y,,,,,,,,,,,,,,,,,,,,
R_2BbWrdJjdyqNtJw,,,,,,,,,,,,,,,,,,,,
R_31HhKCZVNaqIRe1,1119,944,1166,758,1164,616,1046,616,1077,517,981,488,847,349,811,259,949,296,,
R_3khoNggFLHN8YWR,,,,,,,,,,,,,,,,,,,,
R_yjwY7cs1wJ3JwhX,,,,,,,,,,,,,,,,,,,,
R_2aEr7VXQh4wBOal,,,,,,,,,,,,,,,,,,,,
R_xhCv12K8nwpu9Jn,,,,,,,,,,,,,,,,,,,,
R_siZouUeXVl4lFFT,,,,,,,,,,,,,,,,,,,,
R_3EWiySETphuF5L9,,,,,,,,,,,,,,,,,,,,
R_1CCPdyM9PjlTNLh,,,,,,,,,,,,,,,,,,,,
R_2EB7DKWt3U7Jiem,,,,,,,,,,,,,,,,,,,,
R_2a9op2glGFW6OW7,,,,,,,,,,,,,,,,,,,,
R_8x1rPB7kLukYHyV,,,,,,,,,,,,,,,,,,,,
R_3ELviSil2sHyVuk,,,,,,,,,,,,,,,,,,,,
R_YQAhQxbrXxHoFQR,,,,,,,,,,,,,,,,,,,,
R_3rVza8Bkw93DZYO,,,,,,,,,,,,,,,,,,,,
R_vuXHxb4yQnmw3Nn,,,,,,,,,,,,,,,,,,,,
R_sqayJ5b0aetWDK1,,,,,,,,,,,,,,,,,,,,
R_3KDsv3jE8TgXtyH,,,,,,,,,,,,,,,,,,,,
R_yKZnClkr0axRxXb,,,,,,,,,,,,,,,,,,,,
R_1Ns3xHRJEH9i1zp,,,,,,,,,,,,,,,,,,,,
R_3EiOVCC7FKsbagd,,,,,,,,,,,,,,,,,,,,
R_3sgn9ntkpsGGo5y,,,,,,,,,,,,,,,,,,,,
R_30pLynfPABpQflh,,,,,,,,,,,,,,,,,,,,
R_2f1EarkTBhK24hW,,,,,,,,,,,,,,,,,,,,
R_3E9xLKB5ofWH5AZ,,,,,,,,,,,,,,,,,,,,
R_294ayrzVdNRxJAF,1110,278,939,194,1181,673,672,343,1213,382,,,,,,,,,,
R_3HtPIalxllsu7Is,,,,,,,,,,,,,,,,,,,,
R_3iI10HaxMaN3QBB,,,,,,,,,,,,,,,,,,,,
R_1KeSMz2HWOdOM1c,,,,,,,,,,,,,,,,,,,,
R_2QmMOtV3ZhZEXx0,,,,,,,,,,,,,,,,,,,,
R_RWaLBg4WA1QnibD,,,,,,,,,,,,,,,,,,,,
R_2AZjrqKaUYjzk3K,,,,,,,,,,,,,,,,,,,,
R_Bs0G30f4FPam0Ux,,,,,,,,,,,,,,,,,,,,
R_4MzJ8Wtu4cJM6eR,,,,,,,,,,,,,,,,,,,,
R_785JUjvYAAm8X85,,,,,,,,,,,,,,,,,,,,
R_0U5P4b8G9v8LS9j,,,,,,,,,,,,,,,,,,,,
R_1QmwbekXSdLtTD1,,,,,,,,,,,,,,,,,,,,
R_1JUSIM1d82p750A,,,,,,,,,,,,,,,,,,,,
R_2RWzrIRCIJ5lZXv,,,,,,,,,,,,,,,,,,,,
R_1dcobo3J7D4jpKU,,,,,,,,,,,,,,,,,,,,
R_z7HsUIUuRA2fFHb,,,,,,,,,,,,,,,,,,,,
R_eRkgRN0menRMMGB,,,,,,,,,,,,,,,,,,,,
R_UzhIo580ST8BwBj,,,,,,,,,,,,,,,,,,,,
R_5cDFaXGnuVlsmk1,,,,,,,,,,,,,,,,,,,,
R_2TGEJW87qJe6A2f,,,,,,,,,,,,,,,,,,,,
R_vir8qiG8VImlY4x,,,,,,,,,,,,,,,,,,,,
R_OiGkSCPRfI86qRP,,,,,,,,,,,,,,,,,,,,
R_1INoGlK54b6Gazn,,,,,,,,,,,,,,,,,,,,
R_3MfbhOKsJsonLI5,,,,,,,,,,,,,,,,,,,,
R_WkWDTK8bU5KxZfP,,,,,,,,,,,,,,,,,,,,
R_3qKx96i5np8Wwm3,,,,,,,,,,,,,,,,,,,,
R_0PtEvmIhidxTrKV,,,,,,,,,,,,,,,,,,,,
R_2Se4bl4wRFcj0xT,,,,,,,,,,,,,,,,,,,,
R_2XmVd0RfnXJesVV,,,,,,,,,,,,,,,,,,,,
R_3PA1680dD6EQgy5,,,,,,,,,,,,,,,,,,,,
R_BECLCESNBnJEfo5,,,,,,,,,,,,,,,,,,,,
R_2AKJSyEswyMoHbM,,,,,,,,,,,,,,,,,,,,
R_3RsfTAdC1SZrhWx,,,,,,,,,,,,,,,,,,,,
R_tVvPXUMRjvxfl0R,,,,,,,,,,,,,,,,,,,,
R_2BqyhB9ozli0Fzn,,,,,,,,,,,,,,,,,,,,
R_3RxwiXwnSN0ozIp,,,,,,,,,,,,,,,,,,,,
R_2AGRYCUqIvEc0Lu,,,,,,,,,,,,,,,,,,,,
R_1rHMSg7V5Yc8rji,,,,,,,,,,,,,,,,,,,,
R_XjtLkkhleeKqJix,,,,,,,,,,,,,,,,,,,,
R_vIV9wWwyVYRW90t,,,,,,,,,,,,,,,,,,,,
R_26nV3Bpkkq4gpgc,,,,,,,,,,,,,,,,,,,,
R_xyYnVHE8RxCi71T,,,,,,,,,,,,,,,,,,,,
R_2VO1Urp66dTf3Aj,,,,,,,,,,,,,,,,,,,,
R_1KmcliZvAe2i5OL,,,,,,,,,,,,,,,,,,,,
R_2XjrCNAonMtWccx,,,,,,,,,,,,,,,,,,,,
R_20ZQriX1r2kB5GS,,,,,,,,,,,,,,,,,,,,
R_bpjwm6clUNBoYzD,,,,,,,,,,,,,,,,,,,,
R_1eRGBELwLdfA4cq,,,,,,,,,,,,,,,,,,,,
R_6lOBP14mLXoDOBr,,,,,,,,,,,,,,,,,,,,
R_2PuRPMgXqJbtOYC,,,,,,,,,,,,,,,,,,,,
R_31XhDQjYbAjh6Rr,,,,,,,,,,,,,,,,,,,,
R_77ccBTDReNAHXQR,,,,,,,,,,,,,,,,,,,,
R_XGn7Rr7lGiHNARP,,,,,,,,,,,,,,,,,,,,
R_VWMGQofdq9c2qDn,,,,,,,,,,,,,,,,,,,,
R_1FhyJzZNMCGIk0J,,,,,,,,,,,,,,,,,,,,
R_1KjNk9k9v8Xwtkw,,,,,,,,,,,,,,,,,,,,
R_2bVqcz7709TrxO6,,,,,,,,,,,,,,,,,,,,
R_24od32PkKiJM8VN,,,,,,,,,,,,,,,,,,,,
R_yOzXLwydc4EecpP,,,,,,,,,,,,,,,,,,,,
R_2VvYHO3SYx1TBoA,,,,,,,,,,,,,,,,,,,,
R_2DU0OyK9IQy9xj3,,,,,,,,,,,,,,,,,,,,
R_24NS6BXdIL366QS,,,,,,,,,,,,,,,,,,,,
R_2dGWvqzBaJ12bJI,,,,,,,,,,,,,,,,,,,,
R_1K7TjT7ovFCWDwi,,,,,,,,,,,,,,,,,,,,
R_Z7sf6UgARehTQVb,822,307,876,144,1094,203,1023,282,1094,988,1179,606,1002,451,,,,,,
R_w6G8M8cLdOaZHeV,,,,,,,,,,,,,,,,,,,,
R_2PdugehJhtXaugx,,,,,,,,,,,,,,,,,,,,
R_1GH6kQ8CXWA9m2W,,,,,,,,,,,,,,,,,,,,
R_bJJl7NZiYrUZhct,,,,,,,,,,,,,,,,,,,,
R_2TY4RPnRmFz22Qf,,,,,,,,,,,,,,,,,,,,
R_10PnkXJ1yuxJTJT,,,,,,,,,,,,,,,,,,,,
R_VOrSDN5s46G6Wg9,,,,,,,,,,,,,,,,,,,,
R_1E07mYrFNI1oXop,,,,,,,,,,,,,,,,,,,,
R_2UaZnjfPZz70dpO,,,,,,,,,,,,,,,,,,,,
R_1nTviysSsT7KPHv,,,,,,,,,,,,,,,,,,,,
R_1NyOVESZHXDs2nW,,,,,,,,,,,,,,,,,,,,
R_pLTWgwzMVUwWbbX,,,,,,,,,,,,,,,,,,,,
R_1LtBMp9whtOIFIk,,,,,,,,,,,,,,,,,,,,
R_1GOZn4eWVkoUma8,,,,,,,,,,,,,,,,,,,,
R_2WZ39wFsuKVLpAL,,,,,,,,,,,,,,,,,,,,
R_1IARCjOZPdFI15F,,,,,,,,,,,,,,,,,,,,
R_3E6itRgRIfAjo3v,,,,,,,,,,,,,,,,,,,,
R_10VDzakLh2U7FbB,,,,,,,,,,,,,,,,,,,,
R_3JIzK39HLgouBOL,,,,,,,,,,,,,,,,,,,,
R_vP0OH5p7YcsxIJP,,,,,,,,,,,,,,,,,,,,
R_2Pqdsl38EcA2AxT,,,,,,,,,,,,,,,,,,,,
R_bCrB0oTxDdRnk89,,,,,,,,,,,,,,,,,,,,
R_2AQgWXKgJ5h8P5A,,,,,,,,,,,,,,,,,,,,
R_1dt28OEdr7Xqj8y,,,,,,,,,,,,,,,,,,,,
R_1oaSLYU3TXlZPPw,,,,,,,,,,,,,,,,,,,,
R_2tG7r4GdoCEia3c,,,,,,,,,,,,,,,,,,,,
R_2YzTK0JIsyRgyq9,,,,,,,,,,,,,,,,,,,,
R_12J8s7vSLNWXmye,,,,,,,,,,,,,,,,,,,,
R_1LSBMmr07SIMMsN,,,,,,,,,,,,,,,,,,,,
R_s5wYO9CXslmTVkZ,,,,,,,,,,,,,,,,,,,,
R_D0mcqYoSsAWx5yp,,,,,,,,,,,,,,,,,,,,
R_xbZbyXbaZ4onPpv,,,,,,,,,,,,,,,,,,,,
R_10UAOS1acZWWZt9,,,,,,,,,,,,,,,,,,,,
R_2CeMVoFoM5gfo1c,1018,493,1139,595,1012,395,937,309,1125,758,1037,616,1035,173,1035,286,831,318,851,223
R_1fcH51GzDjSQjsJ,,,,,,,,,,,,,,,,,,,,
R_28CmkiEqOLhVawx,,,,,,,,,,,,,,,,,,,,
R_10I77aDd3thxzHG,1250,375,939,755,1168,211,,,,,,,,,,,,,,
R_3LXv8eUKeXp6tqR,,,,,,,,,,,,,,,,,,,,
R_1hLJPtzJwKlVDsk,,,,,,,,,,,,,,,,,,,,
R_3kj6jo8tiR9JNjb,,,,,,,,,,,,,,,,,,,,
R_1FkxxheaZdbDdvQ,1135,594,1079,434,1053,186,862,207,898,377,1063,305,1177,780,1301,543,991,501,1135,946
R_1ON8YDRSrnBohve,,,,,,,,,,,,,,,,,,,,
R_3HGQwlbP1QysrlF,,,,,,,,,,,,,,,,,,,,
R_3fN1UXkPkuHb8ma,,,,,,,,,,,,,,,,,,,,
R_3LhjtTTjPyict6E,,,,,,,,,,,,,,,,,,,,
R_6YvyzYE4s6dF1YJ,,,,,,,,,,,,,,,,,,,,
R_1irgLQw1qqCRgBP,,,,,,,,,,,,,,,,,,,,
R_1g8cpTieefAZD2j,,,,,,,,,,,,,,,,,,,,
R_2e3e9DMMjKYCCNt,,,,,,,,,,,,,,,,,,,,
R_3qviG6t5ftYuWFX,,,,,,,,,,,,,,,,,,,,
R_1C88sJzP3uKq4VE,,,,,,,,,,,,,,,,,,,,
R_2PmUberzxNL6HU2,,,,,,,,,,,,,,,,,,,,
R_1d05G5tfd2yQATE,,,,,,,,,,,,,,,,,,,,
R_2960viBO0Kz2xn7,,,,,,,,,,,,,,,,,,,,
R_1NzxJjjlaDG2ScC,920,554,985,311,1016,478,1048,625,824,286,1031,161,910,155,1121,535,1137,729,897,756
R_2Crzc4cEAPrvYmY,,,,,,,,,,,,,,,,,,,,
R_e5HwJp19sf0nZ2F,,,,,,,,,,,,,,,,,,,,
R_2zNIZvEB79MqMLk,,,,,,,,,,,,,,,,,,,,
R_3EhtHe5xp3U57H6,,,,,,,,,,,,,,,,,,,,
R_2EbGJCoj8OsdIJ5,,,,,,,,,,,,,,,,,,,,
R_3EQ1yHqkKOZTcVH,,,,,,,,,,,,,,,,,,,,
R_2uV3BWmCwJwFGrH,,,,,,,,,,,,,,,,,,,,
R_e34lK7ek0FiTvUJ,,,,,,,,,,,,,,,,,,,,
R_5tJAEPc0G7MJkwV,,,,,,,,,,,,,,,,,,,,
R_2Y9AdALgFyxN4zp,,,,,,,,,,,,,,,,,,,,
R_1hyUbCQLLth76FR,,,,,,,,,,,,,,,,,,,,
R_2e5zIkJGz3kbTfY,,,,,,,,,,,,,,,,,,,,
R_2Esikg9BvdpCFNk,,,,,,,,,,,,,,,,,,,,
R_8G3NNOEtzXNQ3tv,,,,,,,,,,,,,,,,,,,,
R_2P6l8EYCeInKk10,,,,,,,,,,,,,,,,,,,,
R_3Ob9cRDHdxTxbdD,1165,213,1204,389,947,192,879,269,701,366,1188,700,1187,909,1208,806,1160,1001,941,79
R_2abiTd9BCNXXFZ9,,,,,,,,,,,,,,,,,,,,
R_3G2GZ5ZrEVHbcQ6,,,,,,,,,,,,,,,,,,,,
R_2s5wToYgDj4U6g9,,,,,,,,,,,,,,,,,,,,
R_2CIojVGy5PxZi1g,,,,,,,,,,,,,,,,,,,,
R_50kQqmhf5CJn8u5,,,,,,,,,,,,,,,,,,,,
R_3rN75D3zoJ5HEpN,,,,,,,,,,,,,,,,,,,,
R_tFAagP79Usr7yiB,,,,,,,,,,,,,,,,,,,,
R_2xJIdNS5na8H3dr,,,,,,,,,,,,,,,,,,,,
R_vlzf6bdsNMa4uGt,,,,,,,,,,,,,,,,,,,,
R_2zOUsia2J1jRJTi,,,,,,,,,,,,,,,,,,,,
R_215txF5ezMjoLBM,,,,,,,,,,,,,,,,,,,,
R_3nv04oPGSQ6W13v,,,,,,,,,,,,,,,,,,,,
R_3QLvdwOEZ37u0fN,,,,,,,,,,,,,,,,,,,,
R_9Y4Y0mbX8PWmInL,,,,,,,,,,,,,,,,,,,,
R_1pWMYaWMXEi8JWl,,,,,,,,,,,,,,,,,,,,
R_3Ezk6YyYb91uf1a,,,,,,,,,,,,,,,,,,,,
R_1fekq60ClvLgU27,,,,,,,,,,,,,,,,,,,,
R_2OJceBGyAd1prjG,,,,,,,,,,,,,,,,,,,,
R_1eWtcpwOvaLufyP,,,,,,,,,,,,,,,,,,,,
R_2YslETSmaFzfHyX,,,,,,,,,,,,,,,,,,,,
R_1QiNJTFXosjUbYU,,,,,,,,,,,,,,,,,,,,
R_2YAojeDH5z3suRc,,,,,,,,,,,,,,,,,,,,
R_0TzVnJXeItc58uB,,,,,,,,,,,,,,,,,,,,
R_1otd4FqauK90SEp,,,,,,,,,,,,,,,,,,,,
R_3RryEXdfll922xh,,,,,,,,,,,,,,,,,,,,
R_270ZxMq8qxoFf0S,1026,921,1136,707,1048,504,1009,307,817,302,949,159,927,559,927,751,1262,521,1196,164
R_UMTJmbVbwwBt1vj,,,,,,,,,,,,,,,,,,,,
R_D6tTQCGLQYIlL6V,,,,,,,,,,,,,,,,,,,,
R_1pmQkXYTa5UGhwa,,,,,,,,,,,,,,,,,,,,
R_2f8QmFB6v5gokty,,,,,,,,,,,,,,,,,,,,
R_aeCXl9rNKnDSVjz,,,,,,,,,,,,,,,,,,,,
R_r85LsAGvFOZZEyZ,,,,,,,,,,,,,,,,,,,,
R_9p2JJAaPJkptrpv,,,,,,,,,,,,,,,,,,,,
R_33rI0IEWs1D0avo,,,,,,,,,,,,,,,,,,,,
R_9Ym75tNIfc1BxfP,,,,,,,,,,,,,,,,,,,,
R_1JEHYJOZP6s8z9u,,,,,,,,,,,,,,,,,,,,
R_uneITiJpNx2J0Wt,,,,,,,,,,,,,,,,,,,,
R_2rr618XMoopUYLh,,,,,,,,,,,,,,,,,,,,
R_32XF9uShk2ILtbO,,,,,,,,,,,,,,,,,,,,
R_4Jvlh1OkTycmVJD,,,,,,,,,,,,,,,,,,,,
R_2WCCvxtD5Log4Ue,,,,,,,,,,,,,,,,,,,,
R_2doJ0QJE7lUDkPO,,,,,,,,,,,,,,,,,,,,
R_73xTgSd08q34feh,,,,,,,,,,,,,,,,,,,,
R_9oXYszg0Mtavt8l,,,,,,,,,,,,,,,,,,,,
R_2V9lZXVQxFXmgks,,,,,,,,,,,,,,,,,,,,
R_9RZm2c0rMPRwdsl,,,,,,,,,,,,,,,,,,,,
R_2VaUOEH8kosjBr6,,,,,,,,,,,,,,,,,,,,
R_2Y3NBLW2AkJfr8g,,,,,,,,,,,,,,,,,,,,
R_u84OGaqDVwzG1Vf,,,,,,,,,,,,,,,,,,,,
R_21HuLlDCVEIrxuX,,,,,,,,,,,,,,,,,,,,
R_1rOfvsTW0hmiFFz,,,,,,,,,,,,,,,,,,,,
R_3Jh1WJJGGkYXkSF,,,,,,,,,,,,,,,,,,,,
R_1lyKifPyw7iOqwx,,,,,,,,,,,,,,,,,,,,
R_3e5qZweDXDcV7dt,,,,,,,,,,,,,,,,,,,,
R_27qHHrxu9omvzAd,,,,,,,,,,,,,,,,,,,,
R_3z6aIRt8UFLYx0d,,,,,,,,,,,,,,,,,,,,
R_vTE944GUykh2DN7,,,,,,,,,,,,,,,,,,,,
R_21Bq93gAL5foK3m,,,,,,,,,,,,,,,,,,,,
R_2S7WZNjxeooJasz,1053,154,850,269,1059,312,911,532,,,,,,,,,,,,
R_3nodWraTLknHbp0,,,,,,,,,,,,,,,,,,,,
R_2B8PkRkdGewfRgX,,,,,,,,,,,,,,,,,,,,
R_5dRAuKgSQdub1rb,,,,,,,,,,,,,,,,,,,,
R_qwifTyE9BPclzDb,,,,,,,,,,,,,,,,,,,,
R_21igT4GLVbNmDyU,,,,,,,,,,,,,,,,,,,,
R_ebNzTUzEKQbhOr7,,,,,,,,,,,,,,,,,,,,
R_2wpoMy71VVx9tfN,,,,,,,,,,,,,,,,,,,,
R_3Ra3OhutJkMs1UT,,,,,,,,,,,,,,,,,,,,
R_qBXEtCfslNd5iqB,,,,,,,,,,,,,,,,,,,,
R_rqbTHldqn5uvOzT,,,,,,,,,,,,,,,,,,,,
R_20YGyVGGNx3FrV2,,,,,,,,,,,,,,,,,,,,
R_3oFSKfGSS7nvA1s,,,,,,,,,,,,,,,,,,,,
R_24raETgs9mlV8oa,,,,,,,,,,,,,,,,,,,,
R_3harLuOefBSNg3g,,,,,,,,,,,,,,,,,,,,
R_2vjJhdfJmarWEVJ,,,,,,,,,,,,,,,,,,,,
R_3qebxORLsd684U7,,,,,,,,,,,,,,,,,,,,
R_ZqrYDDeFHBJF9Kh,,,,,,,,,,,,,,,,,,,,
R_W7MSySlQNhh0iNH,,,,,,,,,,,,,,,,,,,,
R_3G8TVwV3E31iUG3,,,,,,,,,,,,,,,,,,,,
R_2sZmqzN4V0tXMMM,,,,,,,,,,,,,,,,,,,,
R_2ZR24eTdpTbXeTq,,,,,,,,,,,,,,,,,,,,
R_10HmjmLxU8PSuXv,,,,,,,,,,,,,,,,,,,,
R_STYmceGAP9RBMch,,,,,,,,,,,,,,,,,,,,
R_1NlhoDQgfclu91N,,,,,,,,,,,,,,,,,,,,
R_2ftXyLRxk5MeVln,,,,,,,,,,,,,,,,,,,,
R_3fH2jcgMqk2s2ck,,,,,,,,,,,,,,,,,,,,
R_3n9i5yZRxhlE8lb,,,,,,,,,,,,,,,,,,,,
R_3eqosTD8rUfF1Gf,,,,,,,,,,,,,,,,,,,,
R_3qqyxsonpXZAz9D,,,,,,,,,,,,,,,,,,,,
R_3spNs0qQOtA72tR,,,,,,,,,,,,,,,,,,,,
R_1InkznaOnsi9pWL,,,,,,,,,,,,,,,,,,,,
R_2YsMacILFkTVvWT,,,,,,,,,,,,,,,,,,,,
R_28OMJqCLwN64ft7,,,,,,,,,,,,,,,,,,,,
R_tM1l28TswuvjYNr,,,,,,,,,,,,,,,,,,,,
R_1Q0zJ7dggLGHsYl,,,,,,,,,,,,,,,,,,,,
R_yU4VAhSmye2b7Zn,,,,,,,,,,,,,,,,,,,,
R_1QrXmV5gGVUIJ0g,,,,,,,,,,,,,,,,,,,,
R_1E4eMwziDmKfr8t,,,,,,,,,,,,,,,,,,,,
R_1rGLefeEPFE8OAd,,,,,,,,,,,,,,,,,,,,
R_22zhZODhyxFbyoC,,,,,,,,,,,,,,,,,,,,
R_2c6iXzv652LSsWJ,,,,,,,,,,,,,,,,,,,,
R_2vll0Kyfkd5dLpS,,,,,,,,,,,,,,,,,,,,
R_3KvGjMYm6UV4KEB,,,,,,,,,,,,,,,,,,,,
R_Umh1kazRBPqWTmx,,,,,,,,,,,,,,,,,,,,
R_1JIsmfhO1wFwko1,,,,,,,,,,,,,,,,,,,,
R_Tw3jFyYGPa02VxL,,,,,,,,,,,,,,,,,,,,
R_3HplMbqQPDvWbpy,,,,,,,,,,,,,,,,,,,,
R_9yFlUUMpj07uEWl,,,,,,,,,,,,,,,,,,,,
R_87aKAWyBrCvufYZ,,,,,,,,,,,,,,,,,,,,
R_VJOkOsNarI3D8tz,,,,,,,,,,,,,,,,,,,,
R_2E3KKd0LVd4QOTU,,,,,,,,,,,,,,,,,,,,
R_uqSPJ7x9t2Fg0kp,,,,,,,,,,,,,,,,,,,,
R_2ZOkcuuFSWPkQtK,,,,,,,,,,,,,,,,,,,,
R_Dw8H8t6aB8zzuQp,,,,,,,,,,,,,,,,,,,,
R_3dHedQBhThVNQsF,,,,,,,,,,,,,,,,,,,,
R_3hg7eJPeDL4wUrt,,,,,,,,,,,,,,,,,,,,
R_27PxrKzTXsrCtdE,,,,,,,,,,,,,,,,,,,,
R_2wBRrwt4Alt4aPt,,,,,,,,,,,,,,,,,,,,
R_21cBTy0I5BgQrGU,,,,,,,,,,,,,,,,,,,,
R_3EbRI0FpKun2Y3z,,,,,,,,,,,,,,,,,,,,
R_3qJBSMxGVLdxqba,,,,,,,,,,,,,,,,,,,,
R_PORpN8JbMGJSS1b,,,,,,,,,,,,,,,,,,,,
R_1mfLfFLqIUMYZpW,,,,,,,,,,,,,,,,,,,,
R_3F2IgDHmCptvScH,,,,,,,,,,,,,,,,,,,,
R_2zVgR3BFVNBK852,,,,,,,,,,,,,,,,,,,,
R_1LofduorKKwG8u0,,,,,,,,,,,,,,,,,,,,
R_3oTmOmFvpHxZmun,,,,,,,,,,,,,,,,,,,,
R_3MtHAEHDqSbZ6Gx,,,,,,,,,,,,,,,,,,,,
R_2t3juhNcwr6yRmb,,,,,,,,,,,,,,,,,,,,
R_1LeqpoQzMqrAZDT,,,,,,,,,,,,,,,,,,,,
R_STNAkgKSxBckAlr,,,,,,,,,,,,,,,,,,,,
R_3DdcA9fgUijBqjL,,,,,,,,,,,,,,,,,,,,
R_1gUqQ6QoH6ttnCL,,,,,,,,,,,,,,,,,,,,
R_1mXbYE2YA2VwO5e,,,,,,,,,,,,,,,,,,,,
R_7O4ej2mHiuhf4n7,,,,,,,,,,,,,,,,,,,,
R_3Eczq2G596ntUSX,,,,,,,,,,,,,,,,,,,,
R_1Q4TkcZI6IKO3Ev,,,,,,,,,,,,,,,,,,,,
R_UstqlFmMW4EWKBz,,,,,,,,,,,,,,,,,,,,
R_30ccbcNp1mcDEiq,,,,,,,,,,,,,,,,,,,,
R_6LhL0Cfz3tNyIBX,,,,,,,,,,,,,,,,,,,,
R_1dKcuxVYS0Ghtzo,,,,,,,,,,,,,,,,,,,,
R_2cCWnSNvpy5Usb1,,,,,,,,,,,,,,,,,,,,
R_11gCmIw8thliDWU,,,,,,,,,,,,,,,,,,,,
R_2Wvy1WM63EmXChB,,,,,,,,,,,,,,,,,,,,
R_3KwpQb5Evx6KO0t,,,,,,,,,,,,,,,,,,,,
R_2eVCA96ayjpic30,,,,,,,,,,,,,,,,,,,,
R_3n2T15QmluJbJK8,,,,,,,,,,,,,,,,,,,,
R_2PnDh6sZp9iYv5S,,,,,,,,,,,,,,,,,,,,
R_2e3yJI7wCYxGKX6,,,,,,,,,,,,,,,,,,,,
R_3CZ8g9pEiUwCRqu,,,,,,,,,,,,,,,,,,,,
R_a5yy5pXKGNxDiVP,,,,,,,,,,,,,,,,,,,,
R_C2YcNHicrwFaHV7,,,,,,,,,,,,,,,,,,,,
R_2zUPLRqIvfY0dDv,,,,,,,,,,,,,,,,,,,,
R_11hz565Du6XAm3f,,,,,,,,,,,,,,,,,,,,
R_1CvfrmHGaIIV5zN,,,,,,,,,,,,,,,,,,,,
R_11bhyFF73SlcbTs,,,,,,,,,,,,,,,,,,,,
R_2ROFe14ZCxNvnP1,,,,,,,,,,,,,,,,,,,,
R_1LnAHwc3oolqAUj,,,,,,,,,,,,,,,,,,,,
R_1ig8lbSgZO5EyYb,,,,,,,,,,,,,,,,,,,,
R_TqnNjhnBy5AN9Kx,,,,,,,,,,,,,,,,,,,,
R_3LXWnOFXs6rC9CM,,,,,,,,,,,,,,,,,,,,
R_1OJNVZv73flcxuI,,,,,,,,,,,,,,,,,,,,
R_3fGIJGVYUs9mo3J,,,,,,,,,,,,,,,,,,,,
R_31FopFhdtwCfYKs,,,,,,,,,,,,,,,,,,,,
R_Pt8v9uhcJJe1i7f,,,,,,,,,,,,,,,,,,,,
R_bKsTN4jeoJ4MDMB,,,,,,,,,,,,,,,,,,,,
R_3PHJBZv3SLKqpTZ,,,,,,,,,,,,,,,,,,,,
R_2BySUfcJkWO2ThY,,,,,,,,,,,,,,,,,,,,
R_20T2aC8JUMGwqM3,,,,,,,,,,,,,,,,,,,,
R_1fZvShK7hMVGckr,,,,,,,,,,,,,,,,,,,,
R_1E4XsgBLYviagwd,,,,,,,,,,,,,,,,,,,,
R_1N9OcC08r3hmvRF,,,,,,,,,,,,,,,,,,,,
R_qU5juZONGRNrTNL,,,,,,,,,,,,,,,,,,,,
R_3Eytnuc1LoDQSkF,1029,499,849,301,,,,,,,,,,,,,,,,
R_3RfQfbnplhMIRAB,,,,,,,,,,,,,,,,,,,,
R_ctJfIty4iFPhMA1,,,,,,,,,,,,,,,,,,,,
R_2xDHKgjJ2qXo3Ug,,,,,,,,,,,,,,,,,,,,
R_7UOR2YoypFfL9Ad,,,,,,,,,,,,,,,,,,,,
R_3iO52BUyzu8G9tQ,,,,,,,,,,,,,,,,,,,,
R_1E6aOykMVEQcIUl,,,,,,,,,,,,,,,,,,,,
R_25B1AIGuIeUrsLD,1248,278,,,,,,,,,,,,,,,,,,
R_5yCdjNQ8nBTtz9v,,,,,,,,,,,,,,,,,,,,
R_307hm2efPi0YkpN,,,,,,,,,,,,,,,,,,,,
R_3hEzeofibCsoIP8,,,,,,,,,,,,,,,,,,,,
R_1l0Euz5r9CvjHhp,,,,,,,,,,,,,,,,,,,,
R_2ydq9HF0TGPEPId,,,,,,,,,,,,,,,,,,,,
R_AI4ZF8rJCCOMKsx,,,,,,,,,,,,,,,,,,,,
R_2azq3VnAUxIatck,,,,,,,,,,,,,,,,,,,,
R_1P0CbGhMp6Des61,833,263,1021,176,987,315,1016,451,1108,572,1121,725,,,,,,,,
R_1HhP97whL1WbEo9,,,,,,,,,,,,,,,,,,,,
R_1n8fEkBWOvVAdu6,,,,,,,,,,,,,,,,,,,,
R_3HIyN3McPaEe6N8,,,,,,,,,,,,,,,,,,,,
R_3D7Tle8eS1wtWzj,,,,,,,,,,,,,,,,,,,,
R_2ziOvNMrp8TAO4h,,,,,,,,,,,,,,,,,,,,
R_ROAOtKSRUBI0jvj,,,,,,,,,,,,,,,,,,,,
R_1o6anJGxLkure89,,,,,,,,,,,,,,,,,,,,
R_2SCtOASPEzk17YT,,,,,,,,,,,,,,,,,,,,
R_YPwCMWJdIe32jCx,,,,,,,,,,,,,,,,,,,,
R_SGGiz75qGtlTIqd,,,,,,,,,,,,,,,,,,,,
R_1ILudbBIgtuWQ3g,,,,,,,,,,,,,,,,,,,,
R_2WCOWNcjrPmYegu,,,,,,,,,,,,,,,,,,,,
R_1JKQn1muL1hEai5,,,,,,,,,,,,,,,,,,,,
R_3F1ZjXPWT2eSd2S,,,,,,,,,,,,,,,,,,,,
R_295MgZt4hUGObP2,,,,,,,,,,,,,,,,,,,,
R_2Vq1eZ6MMsfysxa,,,,,,,,,,,,,,,,,,,,
R_29jkwga1gZsRvaG,,,,,,,,,,,,,,,,,,,,
R_tSNuv0WN5HO98Sl,,,,,,,,,,,,,,,,,,,,
R_1FqDxEWWmVsYsNg,,,,,,,,,,,,,,,,,,,,
R_3KqHz5cBHfJ97BF,,,,,,,,,,,,,,,,,,,,
R_2bTTzJ1VlLrcQ3e,,,,,,,,,,,,,,,,,,,,
R_PBSDvuoAz16fib7,,,,,,,,,,,,,,,,,,,,
R_UhhBZoskTyuORsl,,,,,,,,,,,,,,,,,,,,
R_1jvMmh28iYEBqbb,,,,,,,,,,,,,,,,,,,,
R_2cC5EoJBwMjx0j2,,,,,,,,,,,,,,,,,,,,
R_8oaJ8sNfUZj5HsB,,,,,,,,,,,,,,,,,,,,
R_2R2NRbXDfsTerWs,,,,,,,,,,,,,,,,,,,,
R_1NslMsDSaJNemlZ,,,,,,,,,,,,,,,,,,,,
R_3Pcdh7yG6yc8C1G,,,,,,,,,,,,,,,,,,,,
R_wRGeT8umzdQmvyp,,,,,,,,,,,,,,,,,,,,
R_2s1G8n01uCsB5Gj,,,,,,,,,,,,,,,,,,,,
R_2wRnaRJSkPaHv80,,,,,,,,,,,,,,,,,,,,
R_23agPUtuEcHQOj7,883,148,1052,159,824,317,1014,357,1164,589,1023,478,1114,930,,,,,,
R_3COrUElSsF86Jqk,,,,,,,,,,,,,,,,,,,,
R_2Cg0VZHmo1BhFET,,,,,,,,,,,,,,,,,,,,
R_3MyeINBWKITaxTZ,,,,,,,,,,,,,,,,,,,,
R_1gBGO89n2r6YUVj,,,,,,,,,,,,,,,,,,,,
R_3m2XvqVDOJyxYTu,,,,,,,,,,,,,,,,,,,,
R_2Racz7VpReEm3Uq,,,,,,,,,,,,,,,,,,,,
R_10OFZeWZOOz4841,,,,,,,,,,,,,,,,,,,,
R_2t8PWKQC7nc0BFO,,,,,,,,,,,,,,,,,,,,
R_2Bb5X1fyquZm0vY,,,,,,,,,,,,,,,,,,,,
R_1mL6DwxG6XfP812,1229,609,847,244,1089,311,977,298,1012,402,776,336,891,348,1087,492,1121,183,1010,96
R_2uOnOJ5A7hTE5GQ,,,,,,,,,,,,,,,,,,,,
R_2SvMZmNcdQy1pM5,,,,,,,,,,,,,,,,,,,,
R_3064Df4FFt8G1l3,,,,,,,,,,,,,,,,,,,,
R_b3F5ULXW8MbRj4R,,,,,,,,,,,,,,,,,,,,
R_3PM2e3ArleZ6hzf,,,,,,,,,,,,,,,,,,,,
R_2ckMFd8ZmVVQ2RG,,,,,,,,,,,,,,,,,,,,
R_AbPhCMuNRq1mBNL,,,,,,,,,,,,,,,,,,,,
R_1NDKi4hoCkylVtr,,,,,,,,,,,,,,,,,,,,
R_2WGpb89CmlvWZKY,,,,,,,,,,,,,,,,,,,,
R_74FLyQNpEgswgcp,,,,,,,,,,,,,,,,,,,,
R_9EPM4Zq2y4bXn1f,,,,,,,,,,,,,,,,,,,,
R_BFjkh3WNv9juIuJ,,,,,,,,,,,,,,,,,,,,
R_2OZuEHoCtVpZJTH,,,,,,,,,,,,,,,,,,,,
R_2fkSKa6SisZkrMF,,,,,,,,,,,,,,,,,,,,
R_3O6A4JS9GxbHsZw,,,,,,,,,,,,,,,,,,,,
R_2dXXLrammzB756g,,,,,,,,,,,,,,,,,,,,
R_3FPdgP8iIn8rA3F,,,,,,,,,,,,,,,,,,,,
R_25EZMdbCLOhuBA5,,,,,,,,,,,,,,,,,,,,
R_2EAzk2YcYb88KVw,,,,,,,,,,,,,,,,,,,,
R_bkCM4GKC2V6Dh2V,,,,,,,,,,,,,,,,,,,,
R_1LUQCuDVaOgAfrM,,,,,,,,,,,,,,,,,,,,
R_1E5LzkR2cUZEYWz,,,,,,,,,,,,,,,,,,,,
R_1JUX0FnZKm3yiUJ,,,,,,,,,,,,,,,,,,,,
R_3J9FmxGrUufATaO,,,,,,,,,,,,,,,,,,,,
R_paB61dsPkrdkOL7,925,520,1000,215,1083,570,962,341,835,276,941,779,1096,963,1102,819,1114,716,1029,480
R_SAF8XUmdTsagoGl,,,,,,,,,,,,,,,,,,,,
R_0OOCjyzJk2qbkzL,,,,,,,,,,,,,,,,,,,,
R_vOhSNRCDWZRTFIZ,,,,,,,,,,,,,,,,,,,,
R_3gZUrmUhzvjA1w7,,,,,,,,,,,,,,,,,,,,
R_3NHYeB9TVO48rFv,,,,,,,,,,,,,,,,,,,,
R_3JItfNk19Pp0soZ,,,,,,,,,,,,,,,,,,,,
R_3JoxQKQFgRPcHtv,,,,,,,,,,,,,,,,,,,,
R_1gA3ql56Sn4XuIj,,,,,,,,,,,,,,,,,,,,
R_2qE3jFyCb9OofwT,,,,,,,,,,,,,,,,,,,,
R_6XqjnrVNysmqY6d,,,,,,,,,,,,,,,,,,,,
R_PNUqRs9Gbvb9V9D,,,,,,,,,,,,,,,,,,,,
R_2TI7oHWtDmXHIWz,,,,,,,,,,,,,,,,,,,,
R_3rVvpMDETkLJ0C6,,,,,,,,,,,,,,,,,,,,
R_XSaWuXYYwvJ5k9X,,,,,,,,,,,,,,,,,,,,
R_3kiNSHf5bGrHTCp,,,,,,,,,,,,,,,,,,,,
R_1HcsH3kaZ1Nl432,,,,,,,,,,,,,,,,,,,,
R_81YUzidfAhcxCbD,,,,,,,,,,,,,,,,,,,,
R_2yarD73PCHBeeSJ,,,,,,,,,,,,,,,,,,,,
R_2EhMtWzHCfJSFJe,,,,,,,,,,,,,,,,,,,,
R_Zf4ECT7cq7aoJ1f,,,,,,,,,,,,,,,,,,,,
R_ehWkb2ZoHtmthQd,,,,,,,,,,,,,,,,,,,,
R_Br20TnQFRrmNHLX,,,,,,,,,,,,,,,,,,,,
R_3IPDEhgNYEstf2n,,,,,,,,,,,,,,,,,,,,
R_1kGETbCcmgRRpMs,,,,,,,,,,,,,,,,,,,,
R_1pAHF9ufWabaRgF,,,,,,,,,,,,,,,,,,,,
R_2rw4VHM2EMHmhUp,,,,,,,,,,,,,,,,,,,,
R_57OXfd4Mtx6oYV3,,,,,,,,,,,,,,,,,,,,
R_3JgUyIWumFWNKhH,,,,,,,,,,,,,,,,,,,,
R_3EMYp6UcTGNie5A,,,,,,,,,,,,,,,,,,,,
R_2dhc7OcpPn5lxS3,,,,,,,,,,,,,,,,,,,,
R_2txtAf7I9tmQpDX,,,,,,,,,,,,,,,,,,,,
R_2Bzfl53ifSB1Lq4,,,,,,,,,,,,,,,,,,,,
R_zUYyuYixG0qjFEB,,,,,,,,,,,,,,,,,,,,
R_2aJh4QOU55r2rar,,,,,,,,,,,,,,,,,,,,
R_2R87OATsdM2NPV7,,,,,,,,,,,,,,,,,,,,
R_2DYwDbuKgiwq1mF,,,,,,,,,,,,,,,,,,,,
R_3psA9PHHPUOIkRX,,,,,,,,,,,,,,,,,,,,
R_dguIRbEcu5uzrXz,,,,,,,,,,,,,,,,,,,,
R_2Wx6apQbLCGTcTb,,,,,,,,,,,,,,,,,,,,
R_2eRqvesasaQQZrE,,,,,,,,,,,,,,,,,,,,
R_1gchF8qsu2vUpBi,,,,,,,,,,,,,,,,,,,,
R_6S94v4JHqgvuBAR,,,,,,,,,,,,,,,,,,,,
R_1f7xBRMvb9U3LRt,,,,,,,,,,,,,,,,,,,,
R_1NndSqtp9m7Rxhw,,,,,,,,,,,,,,,,,,,,
R_11WMRUTcyNS7ZLn,,,,,,,,,,,,,,,,,,,,
R_Z9IpA10ikF9Oqdj,,,,,,,,,,,,,,,,,,,,
R_1mtjlXSkoCXQyuY,,,,,,,,,,,,,,,,,,,,
R_3suVOBZf4lQ72Bw,,,,,,,,,,,,,,,,,,,,
R_3eqRvnL2Tl64tQK,,,,,,,,,,,,,,,,,,,,
R_24pyoaiyNB1EZMi,,,,,,,,,,,,,,,,,,,,
R_2TAbkzUwnyn1In5,,,,,,,,,,,,,,,,,,,,
R_2OTHQLCPm9LStfT,,,,,,,,,,,,,,,,,,,,
R_3kH3A38HEigBJjj,,,,,,,,,,,,,,,,,,,,
R_2CIed8C2UFy9CSd,,,,,,,,,,,,,,,,,,,,
R_p9slK3kfzolMd0Z,,,,,,,,,,,,,,,,,,,,
R_1IsXK8vimaxC75E,,,,,,,,,,,,,,,,,,,,
R_2Y4JtAXSrl8YYbU,,,,,,,,,,,,,,,,,,,,
R_3rMzQDzVlA3vpqf,,,,,,,,,,,,,,,,,,,,
R_2pRKSDAETc4lQpC,,,,,,,,,,,,,,,,,,,,
R_R3woOmUjRVyVCRr,,,,,,,,,,,,,,,,,,,,
R_2Cljm12TxYLVVMq,,,,,,,,,,,,,,,,,,,,
R_1MXlNHtPl741fdN,,,,,,,,,,,,,,,,,,,,
R_1Iz99Rt26okXFz0,,,,,,,,,,,,,,,,,,,,
R_0OszrQBScAY7InT,,,,,,,,,,,,,,,,,,,,
R_2VxzS1sgjT9tzbT,,,,,,,,,,,,,,,,,,,,
R_3s6BhxOMqcxuDfb,,,,,,,,,,,,,,,,,,,,
R_Zt05ax0S8Qpa07f,,,,,,,,,,,,,,,,,,,,
R_1IY3169MNkCQOEC,,,,,,,,,,,,,,,,,,,,
R_6A0LVkwJKe9FPxL,,,,,,,,,,,,,,,,,,,,
R_vpoERRsYYaKutGN,,,,,,,,,,,,,,,,,,,,
R_3qvThWHPeHvNpwA,,,,,,,,,,,,,,,,,,,,
R_2Ua1InSz22CZimp,,,,,,,,,,,,,,,,,,,,
R_3m34MV4lzYoCc2w,,,,,,,,,,,,,,,,,,,,
R_1omYdU4Wm3rlDM5,,,,,,,,,,,,,,,,,,,,
R_2yqqtmdGwLRJ6Pg,,,,,,,,,,,,,,,,,,,,
R_1l4v3ALLRCkctof,,,,,,,,,,,,,,,,,,,,
R_2Pzk8qkPjCrR9AC,,,,,,,,,,,,,,,,,,,,
R_1pAMeqCXuGtEBmF,,,,,,,,,,,,,,,,,,,,
R_3JmyQCNHj7BuvQh,,,,,,,,,,,,,,,,,,,,
R_3KMAmvkGEN2aE3k,,,,,,,,,,,,,,,,,,,,
R_3PSq47hc8NSRDmY,,,,,,,,,,,,,,,,,,,,
R_2ymfwckZkT1c2oM,,,,,,,,,,,,,,,,,,,,
R_3R7U4UDKZYkPaN3,,,,,,,,,,,,,,,,,,,,
R_brMZ3yqHuIQiIeZ,,,,,,,,,,,,,,,,,,,,
R_3kgOdUBxbDEAIJ6,,,,,,,,,,,,,,,,,,,,
R_1KefX77MdbWd0Ub,,,,,,,,,,,,,,,,,,,,
R_3HYr0aaC7IzqPEQ,,,,,,,,,,,,,,,,,,,,
R_UF5GEcUNeJ6GFCV,,,,,,,,,,,,,,,,,,,,
R_ThfAV6LLTQmkqU9,,,,,,,,,,,,,,,,,,,,
R_3M0yAPWoD9gIqvG,,,,,,,,,,,,,,,,,,,,
R_2rx6AKyUUE8TwPp,,,,,,,,,,,,,,,,,,,,
R_31cmdltRL7DjQUf,,,,,,,,,,,,,,,,,,,,
R_3Ljp4nW981zKIoj,,,,,,,,,,,,,,,,,,,,
R_2WwmYIpNDhRcuTr,,,,,,,,,,,,,,,,,,,,
R_1llXQYJpv4xzpQo,,,,,,,,,,,,,,,,,,,,
R_1prhPqUbVsNnopN,,,,,,,,,,,,,,,,,,,,
R_1gIM06OhRWqq1oQ,,,,,,,,,,,,,,,,,,,,
R_3nSZF7vrJ8smP0n,,,,,,,,,,,,,,,,,,,,
R_2uI04Wp0u7m5jiH,,,,,,,,,,,,,,,,,,,,
R_2EGWwRKPXwDQkiZ,,,,,,,,,,,,,,,,,,,,
R_2rBLN7Yfj8x0zxQ,,,,,,,,,,,,,,,,,,,,
R_2UgXAuQLWjm4niz,,,,,,,,,,,,,,,,,,,,
R_25L7StCpUIpZDEX,,,,,,,,,,,,,,,,,,,,
R_2qz0Oigs4G2cCie,,,,,,,,,,,,,,,,,,,,
R_2ByUZfVqUSLX6Jb,,,,,,,,,,,,,,,,,,,,
R_rqARAHQ3Gsu45d7,,,,,,,,,,,,,,,,,,,,
R_1CeH5yLAwT0QOR0,,,,,,,,,,,,,,,,,,,,
R_0xKglYQ8RaFvjeV,,,,,,,,,,,,,,,,,,,,
R_3Kvf8bZKV0s8pl6,,,,,,,,,,,,,,,,,,,,
R_3NvOYeCARnk2pwg,,,,,,,,,,,,,,,,,,,,
R_1r78OT4DZwKtoFx,,,,,,,,,,,,,,,,,,,,
R_2qsGiBlpZSQbqMm,,,,,,,,,,,,,,,,,,,,
R_2txIfxrQUqwTcKl,,,,,,,,,,,,,,,,,,,,
R_22RI8O9igSzs4ju,,,,,,,,,,,,,,,,,,,,
R_3q7oi8BOLVQkkqO,,,,,,,,,,,,,,,,,,,,
R_39vH9IfnmuoOnsJ,,,,,,,,,,,,,,,,,,,,
R_UaxIpu3DKS1yhsR,,,,,,,,,,,,,,,,,,,,
R_2xxwcIInRQVC1EK,,,,,,,,,,,,,,,,,,,,
R_2wL9Icmta6G4H2C,,,,,,,,,,,,,,,,,,,,
R_1odaXzdKjLRuonT,,,,,,,,,,,,,,,,,,,,
R_eR2Rt7Ny48YZoyd,,,,,,,,,,,,,,,,,,,,
R_12sZOyNT9jIU22y,,,,,,,,,,,,,,,,,,,,
R_3MgqYWeFoWvmM2F,,,,,,,,,,,,,,,,,,,,
R_ODKqirhNqZsbfqN,,,,,,,,,,,,,,,,,,,,
R_3qJYVpQuGbrQOfp,,,,,,,,,,,,,,,,,,,,
R_1d5fj1TRlNrVmgR,,,,,,,,,,,,,,,,,,,,
R_sta51aodq5MRylH,,,,,,,,,,,,,,,,,,,,
R_1jwSvvbu8FCN8Q9,,,,,,,,,,,,,,,,,,,,
R_11dStlgFu2rcUdW,,,,,,,,,,,,,,,,,,,,
R_2Sq50ySGCEsvFah,,,,,,,,,,,,,,,,,,,,
R_3CCS05DzbZcRAXF,,,,,,,,,,,,,,,,,,,,
R_sG30I0He7ZX2J0d,,,,,,,,,,,,,,,,,,,,
R_tSrdpueR6pzirPX,,,,,,,,,,,,,,,,,,,,
R_2rkmhGgBxHRy9wT,,,,,,,,,,,,,,,,,,,,
R_1OIG1SAehTm8aRR,,,,,,,,,,,,,,,,,,,,
R_2fyeqi7ebfp8F8V,,,,,,,,,,,,,,,,,,,,
R_1M5s2rkcDo6IbVa,,,,,,,,,,,,,,,,,,,,
R_psoKsUOZxgvNXPj,,,,,,,,,,,,,,,,,,,,
R_2fC0BF25cw8wCei,,,,,,,,,,,,,,,,,,,,
R_stGrfCDfrtT7ANX,,,,,,,,,,,,,,,,,,,,
R_2zUVJVCypA1Ug08,,,,,,,,,,,,,,,,,,,,
R_2tf1dFdohyzgYFJ,,,,,,,,,,,,,,,,,,,,
R_1mV4LQkcvC7yFpc,,,,,,,,,,,,,,,,,,,,
R_1GN9nf6QWOmksVH,,,,,,,,,,,,,,,,,,,,
R_2uKBKjoLnAGzrM4,,,,,,,,,,,,,,,,,,,,
R_2WSj4VObOc3d6Ud,,,,,,,,,,,,,,,,,,,,
R_2B9B4ihFX3kDL1b,,,,,,,,,,,,,,,,,,,,
R_DJig1FBQTtFelRn,,,,,,,,,,,,,,,,,,,,
R_2WMeIMRkxlQoV2q,,,,,,,,,,,,,,,,,,,,
R_1GTGIPjbLuEoDxr,,,,,,,,,,,,,,,,,,,,
R_23V0x9UvmDPZbZv,,,,,,,,,,,,,,,,,,,,
R_WeCvyuxAZrrALq9,,,,,,,,,,,,,,,,,,,,
R_12omjuqBYI3CT2G,,,,,,,,,,,,,,,,,,,,
R_1QtmSlzrXOZY5h5,,,,,,,,,,,,,,,,,,,,
R_Asq0ejW68y1eq2Z,,,,,,,,,,,,,,,,,,,,
R_2XcAkGCP8lIz7Q4,,,,,,,,,,,,,,,,,,,,
R_2ydTeXTNUaKLvci,,,,,,,,,,,,,,,,,,,,
R_3K64uvG7qG1SRDr,,,,,,,,,,,,,,,,,,,,
R_AcjJinaJUHCL7qh,,,,,,,,,,,,,,,,,,,,
R_5u2LMTBwVCsGF3P,,,,,,,,,,,,,,,,,,,,
R_3FPxq7sTWKWMEPn,,,,,,,,,,,,,,,,,,,,
R_3GBsRtsga7hvTkK,,,,,,,,,,,,,,,,,,,,
R_1I4S0ljC3aVvNvA,,,,,,,,,,,,,,,,,,,,
R_1gTHxx312dvEKpf,,,,,,,,,,,,,,,,,,,,
R_1dFAV0WdUcwVwfv,,,,,,,,,,,,,,,,,,,,
R_1dz6uJ9EClU25Ne,,,,,,,,,,,,,,,,,,,,
R_1is4cSRysUxdbUl,,,,,,,,,,,,,,,,,,,,
R_3FRsdtnyrKMimvL,,,,,,,,,,,,,,,,,,,,
R_2sbymfVSNmUlKeT,,,,,,,,,,,,,,,,,,,,
R_2l8hkknBrWvMijL,,,,,,,,,,,,,,,,,,,,
R_2B4mkVmHaDuPxJH,,,,,,,,,,,,,,,,,,,,
R_27EcHwe1X1KEORb,,,,,,,,,,,,,,,,,,,,
R_5pE5zIgFOClqU3D,,,,,,,,,,,,,,,,,,,,
R_1q2s03KnnLmNdfx,,,,,,,,,,,,,,,,,,,,
R_3dSXKbEhxRvEZ34,,,,,,,,,,,,,,,,,,,,
R_1jiCBnhyegrVAjF,,,,,,,,,,,,,,,,,,,,
R_3I5XV8lXYXxoY88,,,,,,,,,,,,,,,,,,,,
R_wQU6Fd5smtuKa09,,,,,,,,,,,,,,,,,,,,
R_1mwHQRPiYWZmUGO,,,,,,,,,,,,,,,,,,,,
R_YQDXPqJ4LPqzAkN,,,,,,,,,,,,,,,,,,,,
R_3gMH4pmz0Hw3iZh,,,,,,,,,,,,,,,,,,,,
R_2CwzP81XvZ5wOeI,,,,,,,,,,,,,,,,,,,,
R_1HqyBBOahwYfugK,,,,,,,,,,,,,,,,,,,,
R_3kcAo7NHljDJkLC,,,,,,,,,,,,,,,,,,,,
R_WkPiWlkGzphS1z3,,,,,,,,,,,,,,,,,,,,
R_3gYqL0zJZHDfVAq,,,,,,,,,,,,,,,,,,,,
R_Xol2w7O2NBbaUDL,,,,,,,,,,,,,,,,,,,,
R_yrThvbN8r0g2Uox,,,,,,,,,,,,,,,,,,,,
R_1QlrtgG9ZO10xVY,,,,,,,,,,,,,,,,,,,,
R_cSCT3Zn3ZKSUruN,,,,,,,,,,,,,,,,,,,,
R_3MxIpgcpwMK879f,,,,,,,,,,,,,,,,,,,,
R_1OBkxOu2Yuy6N1e,,,,,,,,,,,,,,,,,,,,
R_3EjmTbpbF0eTDoJ,,,,,,,,,,,,,,,,,,,,
R_Bs8qh1J6xAuzj2N,,,,,,,,,,,,,,,,,,,,
R_3iyFdCeJDv5hT4q,,,,,,,,,,,,,,,,,,,,
R_3MgnXT0dFDTUxLk,,,,,,,,,,,,,,,,,,,,
R_1kS6BfoWjwVr9qd,,,,,,,,,,,,,,,,,,,,
R_2w4tiUtMkhKIjSZ,,,,,,,,,,,,,,,,,,,,
R_10r2N8olEvUCJKc,,,,,,,,,,,,,,,,,,,,
R_yr0zJkVGQ2jxWzT,,,,,,,,,,,,,,,,,,,,
R_21GtWOMXiXzQhFE,,,,,,,,,,,,,,,,,,,,
R_2cpSiRHCkSkn8cS,,,,,,,,,,,,,,,,,,,,
R_2flICVo4pGfky4l,,,,,,,,,,,,,,,,,,,,
R_2cixHSEwXbSs6xV,,,,,,,,,,,,,,,,,,,,
R_2duT3cmwr3M9qch,,,,,,,,,,,,,,,,,,,,
R_3kNto4SZkeP1Tqn,,,,,,,,,,,,,,,,,,,,
R_3Mh41rBmBCS0xqs,,,,,,,,,,,,,,,,,,,,
R_W6TkxL2AsipIMwh,,,,,,,,,,,,,,,,,,,,
R_xuu91k3Cct1l9aF,,,,,,,,,,,,,,,,,,,,
R_3gAkUf3U5RqaLZf,,,,,,,,,,,,,,,,,,,,
R_1diDanqWZm3Zn7D,,,,,,,,,,,,,,,,,,,,
R_2dyAGbaOyOZqX3w,,,,,,,,,,,,,,,,,,,,
R_uf5eWlCLW7ywKTT,,,,,,,,,,,,,,,,,,,,
R_3ixviLEVjAVzAJT,,,,,,,,,,,,,,,,,,,,
R_1FhbAaYCZUJkIeT,,,,,,,,,,,,,,,,,,,,
R_27J7On023bDWThJ,,,,,,,,,,,,,,,,,,,,
R_3n8JMk6ejpkWYgl,,,,,,,,,,,,,,,,,,,,
R_2fsaYFViWgHjcBT,,,,,,,,,,,,,,,,,,,,
R_0Gnu3dDr7uGRyuZ,,,,,,,,,,,,,,,,,,,,
R_ahFQSXFv07GcwFP,,,,,,,,,,,,,,,,,,,,
R_2OZ27zEHC4y4b6M,,,,,,,,,,,,,,,,,,,,
R_1N99MH8IjaFeyrP,,,,,,,,,,,,,,,,,,,,
R_2VQREdwmaa5WBFe,,,,,,,,,,,,,,,,,,,,
R_VU1FSUn98Q5ZKCJ,,,,,,,,,,,,,,,,,,,,
R_a2V8AYWJSAN3uPT,,,,,,,,,,,,,,,,,,,,
R_BqU8fMq7Grobja1,,,,,,,,,,,,,,,,,,,,
R_337sdBtu3Yy6UTn,,,,,,,,,,,,,,,,,,,,
R_1dtXW9sBgINQf5I,,,,,,,,,,,,,,,,,,,,
R_1gknD62OZoeuEBv,,,,,,,,,,,,,,,,,,,,
R_1kObbfx0AjVIXUJ,,,,,,,,,,,,,,,,,,,,
R_vjJICfoPLfXMwXD,,,,,,,,,,,,,,,,,,,,
R_VI6fm6hqtFxKY7v,,,,,,,,,,,,,,,,,,,,
R_1CdWPmGYuOUNCpn,,,,,,,,,,,,,,,,,,,,
R_0iHgKafFHfUAr1n,,,,,,,,,,,,,,,,,,,,
R_Ox2ImYh0nTjiGqd,,,,,,,,,,,,,,,,,,,,
R_2RPUqmhDx7wshSW,,,,,,,,,,,,,,,,,,,,
R_XZp6PDiwSPxU2oV,,,,,,,,,,,,,,,,,,,,
R_6svdoTr6rnV5m3D,,,,,,,,,,,,,,,,,,,,
R_3faJ76rw21Tbt2p,,,,,,,,,,,,,,,,,,,,
R_PCmJw4aROPGjNJL,,,,,,,,,,,,,,,,,,,,
R_3hGFBCL0XoqfHVw,,,,,,,,,,,,,,,,,,,,
R_3hgtRqy3sHvBH0D,,,,,,,,,,,,,,,,,,,,
R_2SB4dmuaquQKyYA,,,,,,,,,,,,,,,,,,,,
R_3RloCeqhhnB6vn0,,,,,,,,,,,,,,,,,,,,
R_1IKTVWjGAlryIyh,,,,,,,,,,,,,,,,,,,,
R_3QRatQzRkN3m1Q6,,,,,,,,,,,,,,,,,,,,
R_3jVbh6lb07L2Up3,,,,,,,,,,,,,,,,,,,,
R_2BzJX8Jc17uwg5L,,,,,,,,,,,,,,,,,,,,
R_BKygyaJWhnRmwBb,,,,,,,,,,,,,,,,,,,,
R_1YemcWcUqhvrzLr,,,,,,,,,,,,,,,,,,,,
R_2EoBS8FsKYmkqaM,,,,,,,,,,,,,,,,,,,,
R_1I5j0rJDW4CmsL4,,,,,,,,,,,,,,,,,,,,
R_3MsPluMyT5Xkn8T,,,,,,,,,,,,,,,,,,,,
R_2pKLkzxQJJgm2Do,,,,,,,,,,,,,,,,,,,,
R_1jji35xYnIQ2WgN,,,,,,,,,,,,,,,,,,,,
R_2V4OIZdzrICpPXb,,,,,,,,,,,,,,,,,,,,
R_1IS1VzhVWlfulzP,,,,,,,,,,,,,,,,,,,,
R_cHZuR83Eq1DmbC1,,,,,,,,,,,,,,,,,,,,
R_OjWnJIyKuAgf1AZ,,,,,,,,,,,,,,,,,,,,
R_1Cd1ovEJXTFPcbL,,,,,,,,,,,,,,,,,,,,
R_2EaV0rQXHF27G1w,,,,,,,,,,,,,,,,,,,,
R_10Skpw7FOvzS0m1,,,,,,,,,,,,,,,,,,,,
R_2xQTMpULmsqSGbX,,,,,,,,,,,,,,,,,,,,
R_2dlFt4sIUhKCvTA,,,,,,,,,,,,,,,,,,,,
R_bJj4szKWGdys75f,,,,,,,,,,,,,,,,,,,,
R_w0iVUi7cR9b0iL7,,,,,,,,,,,,,,,,,,,,
R_QnwjD7VzVMDeme5,,,,,,,,,,,,,,,,,,,,
R_33jX3SK4xfCdOgL,,,,,,,,,,,,,,,,,,,,
R_1GwSY90gv4GYUEQ,,,,,,,,,,,,,,,,,,,,
R_1IvcvrGjZscKKcV,,,,,,,,,,,,,,,,,,,,
R_1M63I6PPX64ZQiH,,,,,,,,,,,,,,,,,,,,
R_2VpDYSenOeohVIo,,,,,,,,,,,,,,,,,,,,
R_2dPUs1A4EZ5Rx66,,,,,,,,,,,,,,,,,,,,
R_Byq8MgY6qqrfJCx,,,,,,,,,,,,,,,,,,,,
R_2QsyXn3CXDCLeHE,,,,,,,,,,,,,,,,,,,,
R_3hANpL7z2cW7d1U,,,,,,,,,,,,,,,,,,,,
R_1H5kQE8FwkJFSZO,,,,,,,,,,,,,,,,,,,,
R_Xh1hAV1rRWwTgHf,,,,,,,,,,,,,,,,,,,,
R_z1IA5ocs7EVVu6d,,,,,,,,,,,,,,,,,,,,
R_3QGLkhLuWVvWeoi,,,,,,,,,,,,,,,,,,,,
R_1gFNQenT15zifx3,,,,,,,,,,,,,,,,,,,,
R_1ZwMSkne5oCR71L,,,,,,,,,,,,,,,,,,,,
R_1lodikNE0aK9sM1,,,,,,,,,,,,,,,,,,,,
R_1mJVrCVQLIvYgSM,,,,,,,,,,,,,,,,,,,,
R_qKiZGpWxMk9H8pr,,,,,,,,,,,,,,,,,,,,
R_2qkso1jhDgp8Ei6,,,,,,,,,,,,,,,,,,,,
R_3y1ezuKPThv78PL,,,,,,,,,,,,,,,,,,,,
R_20OT0JMYr7zqDgo,,,,,,,,,,,,,,,,,,,,
R_125qMUgIYdWlhIk,,,,,,,,,,,,,,,,,,,,
R_3PhsoJm4UrrR0Xs,,,,,,,,,,,,,,,,,,,,
R_3PvlkV5RGjVQyDF,,,,,,,,,,,,,,,,,,,,
R_agcXrw8sC1HKJln,,,,,,,,,,,,,,,,,,,,
R_1i3i62jYspUKyVz,,,,,,,,,,,,,,,,,,,,
R_1F2FKDunQmcD1OG,,,,,,,,,,,,,,,,,,,,
R_2aLGztwFUlCwdJE,,,,,,,,,,,,,,,,,,,,
R_30uThGxGKEVZtni,,,,,,,,,,,,,,,,,,,,
R_3kaYz0GiDlY73wm,,,,,,,,,,,,,,,,,,,,
R_1GDGpKiUlvdr0rj,,,,,,,,,,,,,,,,,,,,
R_9GmPSQ5gzGDDer7,,,,,,,,,,,,,,,,,,,,
R_3luKIprWND6Ib1i,,,,,,,,,,,,,,,,,,,,
R_TsXqfj9TsP84xLr,,,,,,,,,,,,,,,,,,,,
R_1jlcn4FNsZC5GkI,,,,,,,,,,,,,,,,,,,,
R_31mZHuKW0UznpaF,,,,,,,,,,,,,,,,,,,,
R_3ne0kjxFWQR5CEm,,,,,,,,,,,,,,,,,,,,
R_32RYA87dPLaSIYi,,,,,,,,,,,,,,,,,,,,
R_10UbPuzZb4xkRoW,,,,,,,,,,,,,,,,,,,,
R_1rBuaNCXfa6aQa4,,,,,,,,,,,,,,,,,,,,
R_1mqkzKjWGmSRcYV,,,,,,,,,,,,,,,,,,,,
R_2CEwyPDk6ZmfwdA,,,,,,,,,,,,,,,,,,,,
R_3MrQHc9P64mLQ9Z,,,,,,,,,,,,,,,,,,,,
R_3PZYAR7uwywsxLD,,,,,,,,,,,,,,,,,,,,
R_3lJLLt1YX3tefvZ,,,,,,,,,,,,,,,,,,,,
R_3m44EeCOZS8hjrj,,,,,,,,,,,,,,,,,,,,
R_3aE8OGwzInGFXYl,,,,,,,,,,,,,,,,,,,,
R_3R8XVBB3Pz6XWOm,,,,,,,,,,,,,,,,,,,,
R_3Gk0MWHRyH16DwW,,,,,,,,,,,,,,,,,,,,
R_2CIoJ3cmtCuOIox,,,,,,,,,,,,,,,,,,,,
R_1I3IdgXYqDmovOK,,,,,,,,,,,,,,,,,,,,
R_2VvwwL82gLOe0lw,,,,,,,,,,,,,,,,,,,,
R_2SdFDP70W7absXh,,,,,,,,,,,,,,,,,,,,
R_2fpIVOmjiXLZhlJ,,,,,,,,,,,,,,,,,,,,
R_6lP26ZRZjwwiezv,,,,,,,,,,,,,,,,,,,,
R_1jUiUtfrZzLd21y,,,,,,,,,,,,,,,,,,,,
R_9HRjN3pbCR5dTXj,,,,,,,,,,,,,,,,,,,,
R_2PoEk3Ld6y32g3Y,,,,,,,,,,,,,,,,,,,,
R_2AHx3C8IO0c6VvJ,,,,,,,,,,,,,,,,,,,,
R_1eCZDyzPxYCU2kc,,,,,,,,,,,,,,,,,,,,
R_3hDB0U0I4m2PYcY,,,,,,,,,,,,,,,,,,,,
R_110byuINE64wcPp,,,,,,,,,,,,,,,,,,,,
R_3p3d0UMQyZE4z5s,,,,,,,,,,,,,,,,,,,,
R_2ZE91Ph43DRVyKz,,,,,,,,,,,,,,,,,,,,
R_3NO1EODEGnCj6q0,,,,,,,,,,,,,,,,,,,,
R_2X1boFfdjiec4wp,,,,,,,,,,,,,,,,,,,,
R_2xK3iNP8XmvRfCZ,,,,,,,,,,,,,,,,,,,,
R_CmPeqWjf9b2TlPb,,,,,,,,,,,,,,,,,,,,
R_1Ke6c50kgEBpHzu,,,,,,,,,,,,,,,,,,,,
R_WvyElfUgAxjjnUt,,,,,,,,,,,,,,,,,,,,
R_1mhkGZaSlalKb2v,,,,,,,,,,,,,,,,,,,,
R_1dbMKrrlDjCxA4x,,,,,,,,,,,,,,,,,,,,
R_1LC0M6VfJav8jhp,,,,,,,,,,,,,,,,,,,,
R_3qKVdUkCsQDWJUC,,,,,,,,,,,,,,,,,,,,
R_3qVSu1T5JT3N2Xb,,,,,,,,,,,,,,,,,,,,
R_3fHIeOklpgrh1VX,,,,,,,,,,,,,,,,,,,,
R_3jdIxzKasz1BZws,,,,,,,,,,,,,,,,,,,,
R_22sjf1F2CdY04xu,,,,,,,,,,,,,,,,,,,,
R_2VJanv7qe6aq4Ig,,,,,,,,,,,,,,,,,,,,
R_1CpyXRutXw5RWc3,,,,,,,,,,,,,,,,,,,,
R_cTiqLWwzfTZLWIV,,,,,,,,,,,,,,,,,,,,
R_b7L2RDDDDys5kiZ,,,,,,,,,,,,,,,,,,,,
R_DvK2VFEuU8KuDF7,,,,,,,,,,,,,,,,,,,,
R_2X6YLUZDhTaCWSS,,,,,,,,,,,,,,,,,,,,
R_3NHTPdEmM7vrpBh,,,,,,,,,,,,,,,,,,,,
R_UKntTW99QcrQUHD,,,,,,,,,,,,,,,,,,,,
R_1P7wZQJ1VRTJ9sz,,,,,,,,,,,,,,,,,,,,
R_QoaEWNKby9INskx,,,,,,,,,,,,,,,,,,,,
R_1BXEFVTeGCYOSVd,,,,,,,,,,,,,,,,,,,,
R_32XQk31s9E7JnIW,,,,,,,,,,,,,,,,,,,,
R_1kIyZwbUvZMoh7r,,,,,,,,,,,,,,,,,,,,
R_1fkr9iT6ECKohAt,,,,,,,,,,,,,,,,,,,,
R_11aW9zGEiElKbae,,,,,,,,,,,,,,,,,,,,
R_28IJsdPTprQkm8g,,,,,,,,,,,,,,,,,,,,
R_3QGAQDzAbb6yKoo,,,,,,,,,,,,,,,,,,,,
R_32K5wE0KfBJtOhM,,,,,,,,,,,,,,,,,,,,
R_1rOBTiDM17yYVSz,,,,,,,,,,,,,,,,,,,,
R_1JINdID97AxAitk,,,,,,,,,,,,,,,,,,,,
R_24IZ9cUsVERFYTc,,,,,,,,,,,,,,,,,,,,
R_OcLvBjHC7BpWgdX,,,,,,,,,,,,,,,,,,,,
R_UAynVjHyzdM9fXz,,,,,,,,,,,,,,,,,,,,
R_1jOmqEztmjY3cnB,,,,,,,,,,,,,,,,,,,,
R_Os87mdc3mjwMfpn,,,,,,,,,,,,,,,,,,,,
R_2QFJTu7pKamXHw3,,,,,,,,,,,,,,,,,,,,
R_3L6AGgliV2LZz2e,,,,,,,,,,,,,,,,,,,,
R_2rAXWg7tb3rcQKs,,,,,,,,,,,,,,,,,,,,
R_1fgfTAtlBjikqNX,,,,,,,,,,,,,,,,,,,,
R_1iaN0ws41tlXd4k,,,,,,,,,,,,,,,,,,,,
R_0lG5uMemVe186pb,,,,,,,,,,,,,,,,,,,,
R_PzEW8GHk1fEmxQR,,,,,,,,,,,,,,,,,,,,
R_1diUwyC4ZBXl1Gl,,,,,,,,,,,,,,,,,,,,
R_1jSOYXGGeznfTZL,,,,,,,,,,,,,,,,,,,,
R_WkW9keISymWrp6x,,,,,,,,,,,,,,,,,,,,
R_1K9WGk4kRFmdVwg,,,,,,,,,,,,,,,,,,,,
R_PH5FISJ21kecCf7,,,,,,,,,,,,,,,,,,,,
R_3j7guvVrdNhfp6Y,,,,,,,,,,,,,,,,,,,,
R_DMnxdmG9e2eT2mZ,,,,,,,,,,,,,,,,,,,,
R_2aXCQDYXiL6hJZR,,,,,,,,,,,,,,,,,,,,
R_5bvAuKwdrgdhM9b,,,,,,,,,,,,,,,,,,,,
R_2B9D0EqABY3yXsD,,,,,,,,,,,,,,,,,,,,
R_1C7VdkQwnx26VHf,,,,,,,,,,,,,,,,,,,,
R_3RmC5YDlL2dvZMX,,,,,,,,,,,,,,,,,,,,
R_6R1CPHxhnXpz30t,,,,,,,,,,,,,,,,,,,,
R_28IK1o5pdxVquun,,,,,,,,,,,,,,,,,,,,
R_1Q6LTJEoSo96zbx,,,,,,,,,,,,,,,,,,,,
R_2OZniUHtXzXaj4L,,,,,,,,,,,,,,,,,,,,
R_2Tpi9Xwa0pGJ8xX,,,,,,,,,,,,,,,,,,,,
R_3Oc5d1xu521eB7n,,,,,,,,,,,,,,,,,,,,
R_paQ1affSNGGDdER,,,,,,,,,,,,,,,,,,,,
R_71ZkWXdxZT7zAA1,,,,,,,,,,,,,,,,,,,,
R_8BRfP1KCZa6N9Lz,,,,,,,,,,,,,,,,,,,,
R_3KTT9p2ZLvMJMpv,,,,,,,,,,,,,,,,,,,,
R_3qlO3rfncrkwlD9,,,,,,,,,,,,,,,,,,,,
R_2dzIYmUD03XpF6r,,,,,,,,,,,,,,,,,,,,
R_3r2GiuZxq7DOU7K,,,,,,,,,,,,,,,,,,,,
R_2dlSGCDF3BLeFWp,,,,,,,,,,,,,,,,,,,,
R_3svrbCu00NAHayo,,,,,,,,,,,,,,,,,,,,
R_2qrATO37PdXhoRN,,,,,,,,,,,,,,,,,,,,
R_1dFCZh0ykoWlVct,,,,,,,,,,,,,,,,,,,,
R_1f7QUZNBwPHzIPe,,,,,,,,,,,,,,,,,,,,
R_2CrDPe6JQ9lnbMc,,,,,,,,,,,,,,,,,,,,
R_1rxDiXrJp9A4moC,,,,,,,,,,,,,,,,,,,,
R_1jrF0Utqg72Pw7b,,,,,,,,,,,,,,,,,,,,
R_xot379jC1pF4bEl,,,,,,,,,,,,,,,,,,,,
R_2Sp3Zd0eXQcLAD4,,,,,,,,,,,,,,,,,,,,
R_1IiaCFtFjvw79WF,,,,,,,,,,,,,,,,,,,,
R_3nJCrP0dPxBkN7P,,,,,,,,,,,,,,,,,,,,
R_3Mo3Ep0WEfXUK3R,,,,,,,,,,,,,,,,,,,,
R_XBPUkj0TtnbjNw5,,,,,,,,,,,,,,,,,,,,
R_1LK2bJ3cteD0XHX,,,,,,,,,,,,,,,,,,,,
R_A5aTeQidma7ATHH,,,,,,,,,,,,,,,,,,,,
R_1oGeAmaiKglvPYV,,,,,,,,,,,,,,,,,,,,
R_2aygSY7BdJN41Pj,,,,,,,,,,,,,,,,,,,,
R_1LnZ6QOWOuSz6md,,,,,,,,,,,,,,,,,,,,
R_30od3Vgic4hwQh4,,,,,,,,,,,,,,,,,,,,
R_1NkvhvJnZJLFph2,,,,,,,,,,,,,,,,,,,,
R_2th6kVOTJU9mSUL,,,,,,,,,,,,,,,,,,,,
R_1OuWvydKfSKpSkp,,,,,,,,,,,,,,,,,,,,
R_3D0bjhwmZMTLedO,,,,,,,,,,,,,,,,,,,,
R_32Rq64XKOotQFI1,,,,,,,,,,,,,,,,,,,,
R_3RlmuZAUNjI0bEi,,,,,,,,,,,,,,,,,,,,
R_OpR8DS2gBtIGjtv,,,,,,,,,,,,,,,,,,,,
R_07iScrIyBSByHgR,,,,,,,,,,,,,,,,,,,,
R_2RP5V7h8BCUo28Z,,,,,,,,,,,,,,,,,,,,
R_RKMGuKQgTKiV0pr,,,,,,,,,,,,,,,,,,,,
R_12Ebo21Go4fp1Ht,,,,,,,,,,,,,,,,,,,,
R_10xgxVre8CU0Mgt,,,,,,,,,,,,,,,,,,,,
R_zd2qJNREpCWAA3T,,,,,,,,,,,,,,,,,,,,
R_1QEooyhlFy3Fk4I,,,,,,,,,,,,,,,,,,,,
R_Os2mMEYDzUn6pLX,,,,,,,,,,,,,,,,,,,,
R_3Pde7Fljpu8v3a2,,,,,,,,,,,,,,,,,,,,
R_5pE03P1FO7hOAhP,,,,,,,,,,,,,,,,,,,,
R_1CC2Q9odK0WE6U2,,,,,,,,,,,,,,,,,,,,
R_1rfxx35xXRm13UY,,,,,,,,,,,,,,,,,,,,
R_3nAijpfEZ8dQIzC,,,,,,,,,,,,,,,,,,,,
R_XKQZvehg6qIweSR,,,,,,,,,,,,,,,,,,,,
R_3Lkk6czocCMee4a,,,,,,,,,,,,,,,,,,,,
R_2uKfMlffwL232M4,,,,,,,,,,,,,,,,,,,,
R_3JJFnHCaUS6Cz6C,,,,,,,,,,,,,,,,,,,,
R_1iniMwImwJOZeBP,,,,,,,,,,,,,,,,,,,,
R_2WCG9TTaNF1kF6Q,,,,,,,,,,,,,,,,,,,,
R_24A8B1lpoQOgBUc,,,,,,,,,,,,,,,,,,,,
R_3EWlEHP6fWwm19V,,,,,,,,,,,,,,,,,,,,
R_8c8duYk9x1nPEL7,,,,,,,,,,,,,,,,,,,,
R_zf2FjQf9tWCIGXf,,,,,,,,,,,,,,,,,,,,
R_1LST3YNnPZ8EPZA,,,,,,,,,,,,,,,,,,,,
R_1IEl0UMFPVuRFaG,,,,,,,,,,,,,,,,,,,,
R_3gZNtvuhYKCsLrN,,,,,,,,,,,,,,,,,,,,
R_3NX2n2LSrDCzpOV,,,,,,,,,,,,,,,,,,,,
R_2whGkvUjtIc8eip,,,,,,,,,,,,,,,,,,,,
R_AastKQUdNQrzH8d,,,,,,,,,,,,,,,,,,,,
R_2s0YMvFGhProO2f,,,,,,,,,,,,,,,,,,,,
R_D2YD1w6i8fXeCeB,,,,,,,,,,,,,,,,,,,,
R_11dpWYBZGFwLBpg,,,,,,,,,,,,,,,,,,,,
R_2Tq8Y2nEk99r2an,,,,,,,,,,,,,,,,,,,,
R_5hYzA4ZtzlXtawN,,,,,,,,,,,,,,,,,,,,
R_30f3oDqYZw781Ue,,,,,,,,,,,,,,,,,,,,
R_6fcyMo0EEgJwXjH,,,,,,,,,,,,,,,,,,,,
R_3JCUrxpu6iN2fAw,,,,,,,,,,,,,,,,,,,,
R_27BVhpmeO8AqIdY,,,,,,,,,,,,,,,,,,,,
R_1Gv2xeQUYCUKgv0,,,,,,,,,,,,,,,,,,,,
R_1eE7ZjX8dYSFTzT,,,,,,,,,,,,,,,,,,,,
R_sTmHPtIRE34gOAx,,,,,,,,,,,,,,,,,,,,
R_10Tyi2Bihau7wDC,,,,,,,,,,,,,,,,,,,,
R_3j8tNtvngVfhdbX,,,,,,,,,,,,,,,,,,,,
R_2zVbE5DWWskpJFG,,,,,,,,,,,,,,,,,,,,
R_2ZPnGsxmiBuYUZ8,,,,,,,,,,,,,,,,,,,,
R_3DoklqSgn0iJleZ,,,,,,,,,,,,,,,,,,,,
R_yI0mEYaX8fy99g5,,,,,,,,,,,,,,,,,,,,
R_3nAUlR7UjKDEfdt,,,,,,,,,,,,,,,,,,,,
R_rkWMyLAcNRYpV4d,,,,,,,,,,,,,,,,,,,,
R_1rpi7Vcu2ahXEaH,,,,,,,,,,,,,,,,,,,,
R_2ahQ8DCM4rJqrCB,,,,,,,,,,,,,,,,,,,,
R_Q5gdTN4R235OlAl,,,,,,,,,,,,,,,,,,,,
R_sG034zRsKW6SGNb,,,,,,,,,,,,,,,,,,,,
R_27iXTHVQniSwRp6,,,,,,,,,,,,,,,,,,,,
R_2yseJVyS6qLhEEy,,,,,,,,,,,,,,,,,,,,
R_Pv7r7EHjiSGlYul,,,,,,,,,,,,,,,,,,,,
R_81xcn99rsI5SW89,,,,,,,,,,,,,,,,,,,,
R_1d5j3VNSZyPDjY4,,,,,,,,,,,,,,,,,,,,
R_2wz9tG42YGT44Uw,,,,,,,,,,,,,,,,,,,,
R_2YeKl9i1hQOZuLa,,,,,,,,,,,,,,,,,,,,
R_3EZ2hPDmHxt5oPN,,,,,,,,,,,,,,,,,,,,
R_1AFjK65JcqULbFv,,,,,,,,,,,,,,,,,,,,
R_1nTP2DgYdTHpbZi,,,,,,,,,,,,,,,,,,,,
R_3dNelm9VvbhGnVU,,,,,,,,,,,,,,,,,,,,
R_yBAhHXZo9hwBt8B,,,,,,,,,,,,,,,,,,,,
R_1F2ttAdXgSdfufi,,,,,,,,,,,,,,,,,,,,
R_BESXFE3xryxUi3L,,,,,,,,,,,,,,,,,,,,
R_UL16YNxO7TwoCw9,,,,,,,,,,,,,,,,,,,,
R_vvu5qleRElJgHf3,,,,,,,,,,,,,,,,,,,,
R_1ewU6f1owwHKssT,,,,,,,,,,,,,,,,,,,,
R_b7XLnyDrOPpEJAB,,,,,,,,,,,,,,,,,,,,
R_3p2PWoulPk4u2m9,,,,,,,,,,,,,,,,,,,,
R_3Dvjr7OVsx4oLF4,,,,,,,,,,,,,,,,,,,,
R_2zZnC9ihABJkBf6,,,,,,,,,,,,,,,,,,,,
R_2c73MC3802GE1vh,,,,,,,,,,,,,,,,,,,,
R_2dXZ7g9wZpOCtO7,,,,,,,,,,,,,,,,,,,,
R_Tn0V9NH82Op1JkJ,,,,,,,,,,,,,,,,,,,,
R_25B1DgRDG1qZA5z,,,,,,,,,,,,,,,,,,,,
R_2q4wLBb9c3FiyE4,,,,,,,,,,,,,,,,,,,,
R_AM6UL1HUNtghFw5,,,,,,,,,,,,,,,,,,,,
R_1NEW2pIaym97BJ4,,,,,,,,,,,,,,,,,,,,
R_2R9tlfF0cfpwxCC,,,,,,,,,,,,,,,,,,,,
R_UhgY2IZMoWOR40V,,,,,,,,,,,,,,,,,,,,
R_3F50l795dww2mTz,,,,,,,,,,,,,,,,,,,,
R_zbVJAlAwjbjLaOB,,,,,,,,,,,,,,,,,,,,
R_279IQBEuKzfQZSu,,,,,,,,,,,,,,,,,,,,
R_3qPRLrycf05ktE2,,,,,,,,,,,,,,,,,,,,
R_2cdw2GDccEwBvl3,,,,,,,,,,,,,,,,,,,,
R_31XC1kKG76X5UWG,,,,,,,,,,,,,,,,,,,,
R_3HBOTIPyDfHtsAh,,,,,,,,,,,,,,,,,,,,
R_3D1tlGeD4iBp8cp,,,,,,,,,,,,,,,,,,,,
R_UsvgqAuOyHojLA5,,,,,,,,,,,,,,,,,,,,
R_OPWBSN1rsKHeKs1,,,,,,,,,,,,,,,,,,,,
R_3gU7XZrjUXI0gFJ,,,,,,,,,,,,,,,,,,,,
R_1cY9KuK265KVKTN,,,,,,,,,,,,,,,,,,,,
R_vPQthhH4rBFhCw1,,,,,,,,,,,,,,,,,,,,
R_2uw9lDkKUUqBOgA,,,,,,,,,,,,,,,,,,,,
R_abXnjqXGNsOAGl3,,,,,,,,,,,,,,,,,,,,
R_Zy0734VsNouW3Sh,,,,,,,,,,,,,,,,,,,,
R_1o7vlqJtreosgIP,,,,,,,,,,,,,,,,,,,,
R_UtplLUrhpVhDrQ5,,,,,,,,,,,,,,,,,,,,
R_2uCIPFeaFvafNBX,,,,,,,,,,,,,,,,,,,,
R_cVhtgNSRkHMNq25,,,,,,,,,,,,,,,,,,,,
R_2WUbNWvA9iQbGqS,,,,,,,,,,,,,,,,,,,,
R_2y71vyRng9bMDZN,,,,,,,,,,,,,,,,,,,,
R_br6EAXWZFMWH65H,,,,,,,,,,,,,,,,,,,,
R_UKC7TJuH49NPKRr,,,,,,,,,,,,,,,,,,,,
R_RDqmgf361ru0pi1,,,,,,,,,,,,,,,,,,,,
R_2uAGk4tk2IKEU01,,,,,,,,,,,,,,,,,,,,
R_e2PD9NhSyW8dCU1,,,,,,,,,,,,,,,,,,,,
R_RUg4QNqgwKpEaw9,,,,,,,,,,,,,,,,,,,,
R_3HNgj2cZlKZS3PN,,,,,,,,,,,,,,,,,,,,
R_2fcxRFwMudYQDYf,,,,,,,,,,,,,,,,,,,,
R_2qyZ9gr1KWozuA4,,,,,,,,,,,,,,,,,,,,
R_263ZGSvr9d8iiSh,,,,,,,,,,,,,,,,,,,,
R_3rP5ghWdXQQv2EF,,,,,,,,,,,,,,,,,,,,
R_1hxLWUfkFptzbxo,,,,,,,,,,,,,,,,,,,,
R_2TUcR1xiJsD5CWk,,,,,,,,,,,,,,,,,,,,
R_2PBdAk25bpOHp9A,,,,,,,,,,,,,,,,,,,,
R_12DPwnDyk6qzk2z,,,,,,,,,,,,,,,,,,,,
R_2YyNzq8va7bTXvo,,,,,,,,,,,,,,,,,,,,
R_VKFFWhsG9TJcIBb,,,,,,,,,,,,,,,,,,,,
R_bgz0CXpaCpXNjUt,,,,,,,,,,,,,,,,,,,,
R_rq0x1Bjzfwuo7ct,,,,,,,,,,,,,,,,,,,,
R_2EH8siSwUGbkpMt,,,,,,,,,,,,,,,,,,,,
R_3imWV3jfNEu3Xmg,,,,,,,,,,,,,,,,,,,,
R_2WSjR75DoIXxp5i,,,,,,,,,,,,,,,,,,,,
R_28IDUfLnI5AsYOF,,,,,,,,,,,,,,,,,,,,
R_31LqQtBgULtW1iD,,,,,,,,,,,,,,,,,,,,
R_10utRJgw6ljOU4K,,,,,,,,,,,,,,,,,,,,
R_1GxKYp4uZQAd2No,,,,,,,,,,,,,,,,,,,,
R_1PZRFjb7pXgf1cd,,,,,,,,,,,,,,,,,,,,
R_1OOZXXlD8TszHSP,,,,,,,,,,,,,,,,,,,,
R_UnjoUB68kya3MTD,,,,,,,,,,,,,,,,,,,,
R_umfSJ5btyoAo0cp,,,,,,,,,,,,,,,,,,,,
R_1In0q3NSBrf6T4G,,,,,,,,,,,,,,,,,,,,
R_264Gp5R9u2iv5cC,,,,,,,,,,,,,,,,,,,,
R_R9sslDzihkcdmkV,,,,,,,,,,,,,,,,,,,,
R_2ZP6kENMGSdzXdc,,,,,,,,,,,,,,,,,,,,
R_qW1OdJRZhjRfe0h,,,,,,,,,,,,,,,,,,,,
R_1FwFC5NnQBUKLZk,,,,,,,,,,,,,,,,,,,,
R_agyJ4FYYwqjdp2p,,,,,,,,,,,,,,,,,,,,
R_3oH00Oy8pEQXbgA,,,,,,,,,,,,,,,,,,,,
R_2EasJCD3qi4risA,,,,,,,,,,,,,,,,,,,,
R_1EcTn1Tq5vgKRk2,,,,,,,,,,,,,,,,,,,,
R_2QM756TyW2WEEej,,,,,,,,,,,,,,,,,,,,
R_1PcRNQ1uBeK1JDF,,,,,,,,,,,,,,,,,,,,
R_paSgqRYkwx5xTPz,,,,,,,,,,,,,,,,,,,,
R_2amctlJNS3ks57z,,,,,,,,,,,,,,,,,,,,
R_2y7RSNEWsiwq8uO,,,,,,,,,,,,,,,,,,,,
R_3371LpSmtPmm9e2,,,,,,,,,,,,,,,,,,,,
R_RxxxGrM7fnXSrfj,,,,,,,,,,,,,,,,,,,,
R_cBIX2zBr8r83TBD,,,,,,,,,,,,,,,,,,,,
R_VQpsE5KSOTJZWtb,,,,,,,,,,,,,,,,,,,,
R_OOM6Ol5E3i9RhV7,,,,,,,,,,,,,,,,,,,,
R_2e2wIRDKZwF7Pog,,,,,,,,,,,,,,,,,,,,
R_2t5yj8j0XjnLvsI,,,,,,,,,,,,,,,,,,,,
R_3ndRyLm51xk6C8k,,,,,,,,,,,,,,,,,,,,
R_2ttfL0wZwZ3RPzy,,,,,,,,,,,,,,,,,,,,
R_RFg3hjh2B00vZCh,,,,,,,,,,,,,,,,,,,,
R_yTSJayaLhxq50ml,,,,,,,,,,,,,,,,,,,,
R_3JsDWI53dkXdkjI,,,,,,,,,,,,,,,,,,,,
R_1EYS7ClliAqlT68,,,,,,,,,,,,,,,,,,,,
R_124mr0qRBlt7uwG,,,,,,,,,,,,,,,,,,,,
R_1LiZ1oWqy9kA1dd,,,,,,,,,,,,,,,,,,,,
R_27lE6bPGhG7kznA,,,,,,,,,,,,,,,,,,,,
R_9ZXEdK7rvSOwNO1,,,,,,,,,,,,,,,,,,,,
R_3KDB5tp6mzTVnLg,,,,,,,,,,,,,,,,,,,,
R_3DuugcFa7q9U1WS,,,,,,,,,,,,,,,,,,,,
R_7VW6mbx7IuukiWJ,,,,,,,,,,,,,,,,,,,,
R_abgXjp7pFzvFzAR,,,,,,,,,,,,,,,,,,,,
R_1QFaIvlA7APzQjm,,,,,,,,,,,,,,,,,,,,
R_1rwYfv95DC166WY,,,,,,,,,,,,,,,,,,,,
R_1fluBwpH3iBZnSG,,,,,,,,,,,,,,,,,,,,
R_2u9lonHZmi5ly6t,,,,,,,,,,,,,,,,,,,,
R_1pSxq6aALE6VT3I,,,,,,,,,,,,,,,,,,,,
R_2qBG0sGmf4RZxZV,,,,,,,,,,,,,,,,,,,,
R_wO9XaEaQGliL3c5,,,,,,,,,,,,,,,,,,,,
R_2SAbRUgxPUfPSjx,,,,,,,,,,,,,,,,,,,,
R_BFnWxADYAKEUuRP,,,,,,,,,,,,,,,,,,,,
R_vxB1RKfrIpOLXr3,,,,,,,,,,,,,,,,,,,,
R_2Yf9NFZIdykWP13,,,,,,,,,,,,,,,,,,,,
R_28zIeYMvBO7wPNK,,,,,,,,,,,,,,,,,,,,
R_e3e2ws0HmW2fWOl,,,,,,,,,,,,,,,,,,,,
R_1CIw9SPEKGwmvPM,,,,,,,,,,,,,,,,,,,,
R_XoC58KhuTIkoRVv,,,,,,,,,,,,,,,,,,,,
R_3KVKPbU5tKqJYPc,,,,,,,,,,,,,,,,,,,,
R_5vzlYlPboOt2zwR,,,,,,,,,,,,,,,,,,,,
R_AbcRJNeQUIUuOrv,,,,,,,,,,,,,,,,,,,,
R_1IAxreTrliNHznv,,,,,,,,,,,,,,,,,,,,
R_2b3jRLc0Hb9i3hc,,,,,,,,,,,,,,,,,,,,
R_2dTpvPiZBjnjy1c,,,,,,,,,,,,,,,,,,,,
R_svNKQeVuzeYyK0p,,,,,,,,,,,,,,,,,,,,
R_3I3ssYw4NPWJD6s,,,,,,,,,,,,,,,,,,,,
R_1LwbtR5iwGPbWh0,,,,,,,,,,,,,,,,,,,,
R_pSi92SUkkSH5zBT,,,,,,,,,,,,,,,,,,,,
R_Qbjvems3ZMh5yGB,,,,,,,,,,,,,,,,,,,,
R_2CUN3XkZwNZoHb2,,,,,,,,,,,,,,,,,,,,
R_25v97v6Y6BmLXoq,,,,,,,,,,,,,,,,,,,,
R_1CvgKSdr0HMRA1m,,,,,,,,,,,,,,,,,,,,
R_RwsyJKMg3WFBbCV,,,,,,,,,,,,,,,,,,,,
R_pEif9lfrN0Du1pL,,,,,,,,,,,,,,,,,,,,
R_2PhASDK6hPNufif,,,,,,,,,,,,,,,,,,,,
R_2qkl9uyAYtRe9TP,,,,,,,,,,,,,,,,,,,,
R_3KOBbyVqQw3iR1C,,,,,,,,,,,,,,,,,,,,
R_1LusDVpJkY02GP7,,,,,,,,,,,,,,,,,,,,
R_1It4NfWhw5gnEfs,,,,,,,,,,,,,,,,,,,,
R_1EWfvMqF8UI3bQ5,,,,,,,,,,,,,,,,,,,,
R_1OpiqXwqHLw70Ic,,,,,,,,,,,,,,,,,,,,
R_1NFCd5RN8ZWFR1a,,,,,,,,,,,,,,,,,,,,
R_2BtH5qbiKdofhJh,,,,,,,,,,,,,,,,,,,,
R_2OTL3lWhMZjH5Qy,,,,,,,,,,,,,,,,,,,,
R_2ci2vyr7onV8Ffm,,,,,,,,,,,,,,,,,,,,
R_10qEIYhGiId7USa,,,,,,,,,,,,,,,,,,,,
R_3h9ADsPvXk7KIsJ,,,,,,,,,,,,,,,,,,,,
R_1r9pDhMms9e2ozt,,,,,,,,,,,,,,,,,,,,
R_Ov55ZQWCEeIvTj3,,,,,,,,,,,,,,,,,,,,
R_OeRMKv4YOf1YNwJ,,,,,,,,,,,,,,,,,,,,
R_3HZf0S396zp2LU9,,,,,,,,,,,,,,,,,,,,
R_3UivqWMC8UHtd29,,,,,,,,,,,,,,,,,,,,
R_afwnU1hHqOmiKlz,,,,,,,,,,,,,,,,,,,,
R_3I9Q3R5imXdvu8d,,,,,,,,,,,,,,,,,,,,
R_1OpHFi5RzvfDxFB,,,,,,,,,,,,,,,,,,,,
R_1eIU8ISjOn4SJOT,,,,,,,,,,,,,,,,,,,,
R_3itkebMvElPUtxT,,,,,,,,,,,,,,,,,,,,
R_27fBKdAIxTUFwWE,,,,,,,,,,,,,,,,,,,,
R_ANcBz6QyjeygkiR,,,,,,,,,,,,,,,,,,,,
R_3030K0YTAxGEgk9,,,,,,,,,,,,,,,,,,,,
R_di1RpakYAxGmnhT,,,,,,,,,,,,,,,,,,,,
R_8AekHxZNd1HfORb,,,,,,,,,,,,,,,,,,,,
R_XXNxKLIbAE1k4PD,,,,,,,,,,,,,,,,,,,,
R_3CHPfh1Xx3hrXfu,,,,,,,,,,,,,,,,,,,,
R_3b1CPZ6RuJHENgd,,,,,,,,,,,,,,,,,,,,
R_2ClhJEjNDJ2pl9s,,,,,,,,,,,,,,,,,,,,
R_w10mrktl9Fy9VO9,,,,,,,,,,,,,,,,,,,,
R_2aW39YPnWh0m2SR,,,,,,,,,,,,,,,,,,,,
R_10NP6oApjL9iSKW,,,,,,,,,,,,,,,,,,,,
R_2ScAj32EJVz5hAE,,,,,,,,,,,,,,,,,,,,
R_20OLTuS3IlhsJp6,,,,,,,,,,,,,,,,,,,,
R_2PBYB9GNmsVVB0S,,,,,,,,,,,,,,,,,,,,
R_2SDnbbJ1tISjUns,,,,,,,,,,,,,,,,,,,,
R_2ebAGnvFkyNHnTO,,,,,,,,,,,,,,,,,,,,
R_Ac8881w3MP2fDgZ,,,,,,,,,,,,,,,,,,,,
R_Xp8f0037yfjZQdz,,,,,,,,,,,,,,,,,,,,
R_3QPBOwkXhrMTqoO,,,,,,,,,,,,,,,,,,,,
R_3gN5IYFwZrTAd1l,,,,,,,,,,,,,,,,,,,,
R_wTNjIuqDtoiNZKh,,,,,,,,,,,,,,,,,,,,
R_r2NOELVPIUYEANj,,,,,,,,,,,,,,,,,,,,
R_2v7lbLzchG4vHFM,,,,,,,,,,,,,,,,,,,,
R_8eoUAOWcCuRQhnX,,,,,,,,,,,,,,,,,,,,
R_12EV1vzEeQXaHsd,,,,,,,,,,,,,,,,,,,,
R_3Rq5SD3dMPnt32s,,,,,,,,,,,,,,,,,,,,
R_UzhfVgmFeBlNB7j,,,,,,,,,,,,,,,,,,,,
R_dpAPzQtk5QirvNv,,,,,,,,,,,,,,,,,,,,
R_2YEVpvKCgLe1I0o,,,,,,,,,,,,,,,,,,,,
R_3kOJtzxTGDJkDLP,,,,,,,,,,,,,,,,,,,,
R_sw0Vij8kzbFYcOB,,,,,,,,,,,,,,,,,,,,
R_1roDUJMpAqVatqR,,,,,,,,,,,,,,,,,,,,
R_sG67Zv3r9MYynrH,,,,,,,,,,,,,,,,,,,,
R_1gpX9IUnMkZUts8,,,,,,,,,,,,,,,,,,,,
R_241qxCdUftw16hn,,,,,,,,,,,,,,,,,,,,
R_2tsMcRH6MKsNtd0,,,,,,,,,,,,,,,,,,,,
R_Y4Ve2EkzxebERhv,,,,,,,,,,,,,,,,,,,,
R_2Ce71m0wbj65lUa,,,,,,,,,,,,,,,,,,,,
R_3GCkLpQFEx1sush,,,,,,,,,,,,,,,,,,,,
R_w5kHPTN2COKd5bb,,,,,,,,,,,,,,,,,,,,
R_2OSC9A0TnEZF9qc,,,,,,,,,,,,,,,,,,,,
R_2pWXYx7jW7jkOal,,,,,,,,,,,,,,,,,,,,
R_322UeFAQPvd5Pcg,,,,,,,,,,,,,,,,,,,,
R_3oAttRhnMDH3ypH,,,,,,,,,,,,,,,,,,,,
R_yOLG5mIiiUZ54Cl,,,,,,,,,,,,,,,,,,,,
R_1Qu9eOI8OWQKjX1,,,,,,,,,,,,,,,,,,,,
R_1lcXmJxVx9oNYFE,,,,,,,,,,,,,,,,,,,,
R_3Ra7KP7dXWsIgYA,,,,,,,,,,,,,,,,,,,,
R_vVVzBpe0DZAmDSx,,,,,,,,,,,,,,,,,,,,
R_1I3ZPS18noayYFm,,,,,,,,,,,,,,,,,,,,
R_1IKkqvRPOvczXKG,,,,,,,,,,,,,,,,,,,,
R_1exzlYddYJfWi44,,,,,,,,,,,,,,,,,,,,
R_3nHoCkAwQhZ2Dhr,,,,,,,,,,,,,,,,,,,,
R_1KpSo2arT6htQWq,,,,,,,,,,,,,,,,,,,,
R_z9dfZbusgvhQxe9,,,,,,,,,,,,,,,,,,,,
R_2SCBfC7UJb1yQHO,,,,,,,,,,,,,,,,,,,,
R_3imsuKNeBOCC7ZO,,,,,,,,,,,,,,,,,,,,
R_3FOssdC2nGnRYHd,,,,,,,,,,,,,,,,,,,,
R_1QuMFMCfYvlePwD,,,,,,,,,,,,,,,,,,,,
R_3HqzCzBrqbzuYXh,,,,,,,,,,,,,,,,,,,,
R_2f8q4LEaG38MKqn,,,,,,,,,,,,,,,,,,,,
R_28A5Iy2GJpeiDXD,,,,,,,,,,,,,,,,,,,,
R_XGQ9bka6KOegkLL,,,,,,,,,,,,,,,,,,,,
R_1JCwhS4WPlVkPDL,,,,,,,,,,,,,,,,,,,,
R_1Dwhl8iw9komgr2,,,,,,,,,,,,,,,,,,,,
R_2VPwFqiWJF4QR7m,,,,,,,,,,,,,,,,,,,,
R_22E429FkIZBV0k8,,,,,,,,,,,,,,,,,,,,
R_3m1zeELCDuhQ6uc,,,,,,,,,,,,,,,,,,,,
R_3ETpJmoAR9ZlFCb,,,,,,,,,,,,,,,,,,,,
R_2QFCKlqheiCQn38,,,,,,,,,,,,,,,,,,,,
R_ZspFn1VvFqan4RP,,,,,,,,,,,,,,,,,,,,
R_0rBtrvSEZ3TlKBH,,,,,,,,,,,,,,,,,,,,
R_3CAQOksIIlwPivt,,,,,,,,,,,,,,,,,,,,
R_1LY8rDDObXhWXv4,,,,,,,,,,,,,,,,,,,,
R_0BVBfs3r42pUi0F,,,,,,,,,,,,,,,,,,,,
R_20YTPd8OIrlsmxn,,,,,,,,,,,,,,,,,,,,
R_8jgi1qdhHWVAoE1,,,,,,,,,,,,,,,,,,,,
R_21F0KTGxl4L6YqF,,,,,,,,,,,,,,,,,,,,
R_2Qte1LqhCCCUtyn,,,,,,,,,,,,,,,,,,,,
R_2738KOOKvQ65wvA,,,,,,,,,,,,,,,,,,,,
R_2TB3bW2pHeChfWn,,,,,,,,,,,,,,,,,,,,
R_6fZprmGDur8GwOl,,,,,,,,,,,,,,,,,,,,
R_1ImyquAyt5Kr0jH,,,,,,,,,,,,,,,,,,,,
R_3Dw4lWyrqkfoz1s,,,,,,,,,,,,,,,,,,,,
R_3Ic3mJaPxpt8Pp0,,,,,,,,,,,,,,,,,,,,
R_6sQC1tgnVu9Todz,,,,,,,,,,,,,,,,,,,,
R_Uz7xCjOonhC3vgZ,,,,,,,,,,,,,,,,,,,,
R_VKyAofjWQAZhiLf,,,,,,,,,,,,,,,,,,,,
R_42RW0kkim2M4kRX,,,,,,,,,,,,,,,,,,,,
R_1jJuZ3KCjkvMEcA,,,,,,,,,,,,,,,,,,,,
R_20YAks10oqCPcqv,,,,,,,,,,,,,,,,,,,,
R_1IzJcm6bk3G56qu,,,,,,,,,,,,,,,,,,,,
R_1f781hjbkIxrZ2E,,,,,,,,,,,,,,,,,,,,
R_28zE6RfitlsgRwX,,,,,,,,,,,,,,,,,,,,
R_wKVA0uL3rwHvrxv,,,,,,,,,,,,,,,,,,,,
R_1rkLJGVvdRkQueA,,,,,,,,,,,,,,,,,,,,
R_3PZG4QoU2B3hx5q,,,,,,,,,,,,,,,,,,,,
R_vNSnm504pDKG5Pz,,,,,,,,,,,,,,,,,,,,
R_31tPgZfPbBzSqnG,,,,,,,,,,,,,,,,,,,,
R_2tphIdk6WQaxz5D,,,,,,,,,,,,,,,,,,,,
R_2P6Bj197I5HnL4i,,,,,,,,,,,,,,,,,,,,
R_3g7v3WJLlpEHgzk,,,,,,,,,,,,,,,,,,,,
R_30c9g6ugb0THkyy,,,,,,,,,,,,,,,,,,,,
R_1P4LQoGSgAFzbxO,,,,,,,,,,,,,,,,,,,,
R_2YfdCaqD7wKpdEV,,,,,,,,,,,,,,,,,,,,
R_1DZ3GVUvIDerFcg,,,,,,,,,,,,,,,,,,,,
R_1C25pU7fxKwVPit,,,,,,,,,,,,,,,,,,,,
R_2XhA9glSDJdPiqd,,,,,,,,,,,,,,,,,,,,
R_0Ha3RlaUwWfHhwB,,,,,,,,,,,,,,,,,,,,
R_RwUaz3jP7YAsWad,,,,,,,,,,,,,,,,,,,,
R_Pwh1tlWHMKDblT3,,,,,,,,,,,,,,,,,,,,
R_2EAH7v799ZSN6bL,,,,,,,,,,,,,,,,,,,,
R_2aCwDEsYkw2xrKE,,,,,,,,,,,,,,,,,,,,
R_3h5SVxXLBJXazHw,,,,,,,,,,,,,,,,,,,,
R_u8M4SAO6cr87vtn,,,,,,,,,,,,,,,,,,,,
R_3q8bfB2lIm6mnJL,,,,,,,,,,,,,,,,,,,,
R_3LZ7oJdaMFNhG8q,,,,,,,,,,,,,,,,,,,,
R_26hCqxiHthkeCLs,,,,,,,,,,,,,,,,,,,,
R_31zWmPvOhxh1dF2,,,,,,,,,,,,,,,,,,,,
R_1GUoPQI3ansObnJ,,,,,,,,,,,,,,,,,,,,
R_2rqgFLGFnAcXLnc,,,,,,,,,,,,,,,,,,,,
R_1NFF8ZKMNBfKKds,,,,,,,,,,,,,,,,,,,,
R_2fxlNlmvR6yKT2H,,,,,,,,,,,,,,,,,,,,
R_3ptiqXLrzqaBZoN,,,,,,,,,,,,,,,,,,,,
R_2tRt5G3EdnEmEzT,,,,,,,,,,,,,,,,,,,,
R_24IQI4iy5Ba0QWM,,,,,,,,,,,,,,,,,,,,
R_279hFtSzSW9r38i,,,,,,,,,,,,,,,,,,,,
R_x3ghPVE8xXBoymR,,,,,,,,,,,,,,,,,,,,
R_3LhWy4mP1NKlPii,,,,,,,,,,,,,,,,,,,,
R_2dAAFlNqFEOduAZ,,,,,,,,,,,,,,,,,,,,
R_1FeJMGIhIbQdIr1,,,,,,,,,,,,,,,,,,,,
R_22WfqvRC79Q6s9U,,,,,,,,,,,,,,,,,,,,
R_DPjpugY146m8KAN,,,,,,,,,,,,,,,,,,,,
R_RQYrY94dtVrxVT3,,,,,,,,,,,,,,,,,,,,
R_2wzwc6HJv9TFICE,,,,,,,,,,,,,,,,,,,,
R_Wkbr6LOqQQdlNgR,,,,,,,,,,,,,,,,,,,,
R_1JQoX42UUagOBSO,,,,,,,,,,,,,,,,,,,,
R_AuJkcmg4T0jHfYB,,,,,,,,,,,,,,,,,,,,
R_3hFTmHjtxOrDd3b,,,,,,,,,,,,,,,,,,,,
R_2SqunOkDChVw8HN,,,,,,,,,,,,,,,,,,,,
R_uwVuxYnLqGKPn0t,,,,,,,,,,,,,,,,,,,,
R_278STEBSTtfmGKV,,,,,,,,,,,,,,,,,,,,
R_1r2OLoJmHpALtlN,,,,,,,,,,,,,,,,,,,,
R_2CsswxEQiThC75v,,,,,,,,,,,,,,,,,,,,
R_3zaMaOq9gqu59Xr,,,,,,,,,,,,,,,,,,,,
R_3dGSHM0gPgh5iyw,,,,,,,,,,,,,,,,,,,,
R_qDYXIjywJVpas2R,,,,,,,,,,,,,,,,,,,,
R_qQM9rsks1W6EtJ7,,,,,,,,,,,,,,,,,,,,
R_1r3pP6roSMoQzhW,,,,,,,,,,,,,,,,,,,,
R_1oIwoDbGGLAsgUO,,,,,,,,,,,,,,,,,,,,
R_qRA4DykrNaPqz4t,,,,,,,,,,,,,,,,,,,,
R_2ydT9BoQYEXQ6rT,,,,,,,,,,,,,,,,,,,,
R_4PEl34PPwjYcsmZ,,,,,,,,,,,,,,,,,,,,
R_3EifDJxRqzqVPb3,,,,,,,,,,,,,,,,,,,,
R_b2cdGluf1em5BE5,,,,,,,,,,,,,,,,,,,,
R_2qErbtKcyLEKaOu,,,,,,,,,,,,,,,,,,,,
R_1CHBZInHncnlgag,,,,,,,,,,,,,,,,,,,,
R_33EdThdqVhnBSrL,,,,,,,,,,,,,,,,,,,,
R_1hywcxazZkRLyv1,,,,,,,,,,,,,,,,,,,,
R_32PyVD6yVwGL38h,,,,,,,,,,,,,,,,,,,,
R_2OZ3IKnYUIiS7jy,,,,,,,,,,,,,,,,,,,,
R_3kce9nhg3g2EN2G,,,,,,,,,,,,,,,,,,,,
R_2YVrXWDvZk9ge7H,,,,,,,,,,,,,,,,,,,,
R_12lhVRPI6E7OUeA,,,,,,,,,,,,,,,,,,,,
R_3MxTzw4lsucJz82,,,,,,,,,,,,,,,,,,,,
R_voaaMwxO5NVdnod,,,,,,,,,,,,,,,,,,,,
R_3gXwAz4UvrRYELM,,,,,,,,,,,,,,,,,,,,
R_2nluuCTPY8vqzOV,,,,,,,,,,,,,,,,,,,,
R_3GljyMV9HW3QXpc,,,,,,,,,,,,,,,,,,,,
R_9REsgb2edNI4e6l,,,,,,,,,,,,,,,,,,,,
R_3Q01l3yGwdnj2wa,,,,,,,,,,,,,,,,,,,,
R_10OVRTt4xRvHU0j,,,,,,,,,,,,,,,,,,,,
R_OPAYJwRkXw8x9lf,,,,,,,,,,,,,,,,,,,,
R_21Hw5XllGJP5M1w,,,,,,,,,,,,,,,,,,,,
R_3egFuOkI2ztVdtY,,,,,,,,,,,,,,,,,,,,
R_2c7UjEMUhUzProv,,,,,,,,,,,,,,,,,,,,
R_2TMiyWXYJ07OVJo,,,,,,,,,,,,,,,,,,,,
R_2E4Brkp6sTSMpMT,,,,,,,,,,,,,,,,,,,,
R_Ttjos17mWQpbgNH,,,,,,,,,,,,,,,,,,,,
R_1EbRiysZOC9qP5g,,,,,,,,,,,,,,,,,,,,
R_3MyVMeVeYIJZCzZ,,,,,,,,,,,,,,,,,,,,
R_3s1ARtc8qtMCDRp,,,,,,,,,,,,,,,,,,,,
R_3iUr1FlICZqhKum,,,,,,,,,,,,,,,,,,,,
R_2wi4QLsQQhvTfX0,,,,,,,,,,,,,,,,,,,,
R_siYgz6qcsgMc4QV,,,,,,,,,,,,,,,,,,,,
R_2CEf4zkUH1HM8Vz,,,,,,,,,,,,,,,,,,,,
R_3R1Iv16NkpleWYw,,,,,,,,,,,,,,,,,,,,
R_1MQEjYfOy7pUSwr,,,,,,,,,,,,,,,,,,,,
R_3oz8vca7mtho4zi,,,,,,,,,,,,,,,,,,,,
R_12EKnSumBOy3f1R,,,,,,,,,,,,,,,,,,,,
R_1gMaOlcLQP1uJfW,,,,,,,,,,,,,,,,,,,,
R_DOEiG4yf9kHnosx,,,,,,,,,,,,,,,,,,,,
R_24oWDaCtNtI3cGM,,,,,,,,,,,,,,,,,,,,
R_238iMFaJ5f5jnus,,,,,,,,,,,,,,,,,,,,
R_2tqUSDIrNh8QZa1,,,,,,,,,,,,,,,,,,,,
R_124RfoMSKWv6J1o,,,,,,,,,,,,,,,,,,,,
R_240Jen68odz5XwD,,,,,,,,,,,,,,,,,,,,
R_3RmQGZXbh300tlo,,,,,,,,,,,,,,,,,,,,
R_3NOHUyRzNV6tPIi,,,,,,,,,,,,,,,,,,,,
R_3067Qgl249gNGvB,,,,,,,,,,,,,,,,,,,,
R_2PnVGFg2woDP2WT,,,,,,,,,,,,,,,,,,,,
R_urkWctcBoc5LkhX,,,,,,,,,,,,,,,,,,,,
R_aXVpWgo67ZxFFF7,,,,,,,,,,,,,,,,,,,,
R_3g64YBvXmUwaI1p,,,,,,,,,,,,,,,,,,,,
R_vudBduiB6NP3OrT,,,,,,,,,,,,,,,,,,,,
R_3iE8YsTSMSqJOX4,,,,,,,,,,,,,,,,,,,,
R_1fjcLuM1aRn57p6,,,,,,,,,,,,,,,,,,,,
R_pmxhbJvUjwgG0RX,,,,,,,,,,,,,,,,,,,,
R_2tcfHDxuizsyh7Y,,,,,,,,,,,,,,,,,,,,
R_2wjgbrUnUDaFXdN,,,,,,,,,,,,,,,,,,,,
R_2AWr7sgVgD7Mkrs,,,,,,,,,,,,,,,,,,,,
R_r92fdjh6y23O0vv,,,,,,,,,,,,,,,,,,,,
R_3qz1szY41xzGUIe,,,,,,,,,,,,,,,,,,,,
R_1ODDYgFGzCei9UT,,,,,,,,,,,,,,,,,,,,
R_2c7ozcwEW8b3Ebj,,,,,,,,,,,,,,,,,,,,
R_3qEfBDfLRMCKZAG,,,,,,,,,,,,,,,,,,,,
R_2fcASaKjuQDcTIM,,,,,,,,,,,,,,,,,,,,